province,year,age_group,method,population_urban,myopia_urban,myopia_rate_urban,population_rural,myopia_rural,myopia_rate_rural,method,number of junior secondary school graduates,New Student Enrollment in high school,articulation rate,GDP
Anhui,1998,1,,,,,,,,,,,,
Beijing,1998,1,,,,,,,,,,,,
Chongqing,1998,1,,,,,,,,,,,,
Fujian,1998,1,,,,,,,,,,,,
Gansu,1998,1,,,,,,,,,,,,
Guangdong,1998,1,,,,,,,,,,,,
Guangxi,1998,1,,,,,,,,,,,,
Guizhou,1998,1,,,,,,,,,,,,
Hainan,1998,1,,,,,,,,,,,,
Hebei,1998,1,,,,,,,,,,,,
Heilongjiang,1998,1,,,,,,,,,,,,
Henan,1998,1,,,,,,,,,,,,
Hubei,1998,1,,,,,,,,,,,,
Hunan,1998,1,,,,,,,,,,,,
Inner Mongolia,1998,1,,,,,,,,,,,,
Jiangsu,1998,1,,,,,,,,,,,,
Jiangxi,1998,1,,,,,,,,,,,,
Jilin,1998,1,,,,,,,,,,,,
Liaoning,1998,1,,,,,,,,,,,,
Ningxia,1998,1,,,,,,,,,,,,
Qinghai,1998,1,,,,,,,,,,,,
Shaanxi,1998,1,,,,,,,,,,,,
Shandong,1998,1,,,,,,,,,,,,
Shanghai,1998,1,,,,,,,,,,,,
Shanxi,1998,1,,,,,,,,,,,,
Sichuan,1998,1,,,,,,,,,,,,
Tianjin,1998,1,,,,,,,,,,,,
Tibet,1998,1,,,,,,,,,,,,
Xinjiang,1998,1,,,,,,,,,,,,
Yunnan,1998,1,,,,,,,,,,,,
Zhejiang,1998,1,,,,,,,,,,,,
Anhui,1999,1,,,,,,,,,,,,
Beijing,1999,1,,,,,,,,,,,,
Chongqing,1999,1,,,,,,,,,,,,
Fujian,1999,1,,,,,,,,,,,,
Gansu,1999,1,,,,,,,,,,,,
Guangdong,1999,1,,,,,,,,,,,,
Guangxi,1999,1,,,,,,,,,,,,
Guizhou,1999,1,,,,,,,,,,,,
Hainan,1999,1,,,,,,,,,,,,
Hebei,1999,1,,,,,,,,,,,,
Heilongjiang,1999,1,,,,,,,,,,,,
Henan,1999,1,,,,,,,,,,,,
Hubei,1999,1,,,,,,,,,,,,
Hunan,1999,1,,,,,,,,,,,,
Inner Mongolia,1999,1,,,,,,,,,,,,
Jiangsu,1999,1,,,,,,,,,,,,
Jiangxi,1999,1,,,,,,,,,,,,
Jilin,1999,1,,,,,,,,,,,,
Liaoning,1999,1,,,,,,,,,,,,
Ningxia,1999,1,,,,,,,,,,,,
Qinghai,1999,1,,,,,,,,,,,,
Shaanxi,1999,1,,,,,,,,,,,,
Shandong,1999,1,,,,,,,,,,,,
Shanghai,1999,1,,,,,,,,,,,,
Shanxi,1999,1,,,,,,,,,,,,
Sichuan,1999,1,,,,,,,,,,,,
Tianjin,1999,1,,,,,,,,,,,,
Tibet,1999,1,,,,,,,,,,,,
Xinjiang,1999,1,,,,,,,,,,,,
Yunnan,1999,1,,,,,,,,,,,,
Zhejiang,1999,1,,,,,,,,,,,,
Anhui,2000,1,,,,,,,,,,,,
Beijing,2000,1,,,,,,,,,,,,
Chongqing,2000,1,,,,,,,,,,,,
Fujian,2000,1,,,,,,,,,,,,
Gansu,2000,1,,,,,,,,,,,,
Guangdong,2000,1,,,,,,,,,,,,
Guangxi,2000,1,,,,,,,,,,,,
Guizhou,2000,1,,,,,,,,,,,,
Hainan,2000,1,,,,,,,,,,,,
Hebei,2000,1,,,,,,,,,,,,
Heilongjiang,2000,1,,,,,,,,,,,,
Henan,2000,1,,,,,,,,,,,,
Hubei,2000,1,,,,,,,,,,,,
Hunan,2000,1,,,,,,,,,,,,
Inner Mongolia,2000,1,,,,,,,,,,,,
Jiangsu,2000,1,,,,,,,,,,,,
Jiangxi,2000,1,,,,,,,,,,,,
Jilin,2000,1,,,,,,,,,,,,
Liaoning,2000,1,,,,,,,,,,,,
Ningxia,2000,1,,,,,,,,,,,,
Qinghai,2000,1,,,,,,,,,,,,
Shaanxi,2000,1,,,,,,,,,,,,
Shandong,2000,1,,,,,,,,,,,,
Shanghai,2000,1,,,,,,,,,,,,
Shanxi,2000,1,,,,,,,,,,,,
Sichuan,2000,1,,,,,,,,,,,,
Tianjin,2000,1,,,,,,,,,,,,
Tibet,2000,1,,,,,,,,,,,,
Xinjiang,2000,1,,,,,,,,,,,,
Yunnan,2000,1,,,,,,,,,,,,
Zhejiang,2000,1,,,,,,,,,,,,
Anhui,2001,1,,,,,,,,,,,,
Beijing,2001,1,,,,,,,,,,,,
Chongqing,2001,1,,,,,,,,,,,,
Fujian,2001,1,,,,,,,,,,,,
Gansu,2001,1,,,,,,,,,,,,
Guangdong,2001,1,,,,,,,,,,,,
Guangxi,2001,1,,,,,,,,,,,,
Guizhou,2001,1,,,,,,,,,,,,
Hainan,2001,1,,,,,,,,,,,,
Hebei,2001,1,,,,,,,,,,,,
Heilongjiang,2001,1,,,,,,,,,,,,
Henan,2001,1,,,,,,,,,,,,
Hubei,2001,1,,,,,,,,,,,,
Hunan,2001,1,,,,,,,,,,,,
Inner Mongolia,2001,1,,,,,,,,,,,,
Jiangsu,2001,1,,,,,,,,,,,,
Jiangxi,2001,1,,,,,,,,,,,,
Jilin,2001,1,,,,,,,,,,,,
Liaoning,2001,1,,,,,,,,,,,,
Ningxia,2001,1,,,,,,,,,,,,
Qinghai,2001,1,,,,,,,,,,,,
Shaanxi,2001,1,,,,,,,,,,,,
Shandong,2001,1,,,,,,,,,,,,
Shanghai,2001,1,,,,,,,,,,,,
Shanxi,2001,1,,,,,,,,,,,,
Sichuan,2001,1,,,,,,,,,,,,
Tianjin,2001,1,,,,,,,,,,,,
Tibet,2001,1,,,,,,,,,,,,
Xinjiang,2001,1,,,,,,,,,,,,
Yunnan,2001,1,,,,,,,,,,,,
Zhejiang,2001,1,,,,,,,,,,,,
Anhui,2002,1,,,,,,,,,,,,
Beijing,2002,1,,,,,,,,,,,,
Chongqing,2002,1,,,,,,,,,,,,
Fujian,2002,1,,,,,,,,,,,,
Gansu,2002,1,,,,,,,,,,,,
Guangdong,2002,1,,,,,,,,,,,,
Guangxi,2002,1,,,,,,,,,,,,
Guizhou,2002,1,,,,,,,,,,,,
Hainan,2002,1,,,,,,,,,,,,
Hebei,2002,1,,,,,,,,,,,,
Heilongjiang,2002,1,,,,,,,,,,,,
Henan,2002,1,,,,,,,,,,,,
Hubei,2002,1,,,,,,,,,,,,
Hunan,2002,1,,,,,,,,,,,,
Inner Mongolia,2002,1,,,,,,,,,,,,
Jiangsu,2002,1,,,,,,,,,,,,
Jiangxi,2002,1,,,,,,,,,,,,
Jilin,2002,1,,,,,,,,,,,,
Liaoning,2002,1,,,,,,,,,,,,
Ningxia,2002,1,,,,,,,,,,,,
Qinghai,2002,1,,,,,,,,,,,,
Shaanxi,2002,1,,,,,,,,,,,,
Shandong,2002,1,,,,,,,,,,,,
Shanghai,2002,1,,,,,,,,,,,,
Shanxi,2002,1,,,,,,,,,,,,
Sichuan,2002,1,,,,,,,,,,,,
Tianjin,2002,1,,,,,,,,,,,,
Tibet,2002,1,,,,,,,,,,,,
Xinjiang,2002,1,,,,,,,,,,,,
Yunnan,2002,1,,,,,,,,,,,,
Zhejiang,2002,1,,,,,,,,,,,,
Anhui,2003,1,,,,,,,,,,,,
Beijing,2003,1,,,,,,,,,,,,
Chongqing,2003,1,,,,,,,,,,,,
Fujian,2003,1,,,,,,,,,,,,
Gansu,2003,1,,,,,,,,,,,,
Guangdong,2003,1,,,,,,,,,,,,
Guangxi,2003,1,,,,,,,,,,,,
Guizhou,2003,1,,,,,,,,,,,,
Hainan,2003,1,,,,,,,,,,,,
Hebei,2003,1,,,,,,,,,,,,
Heilongjiang,2003,1,,,,,,,,,,,,
Henan,2003,1,,,,,,,,,,,,
Hubei,2003,1,,,,,,,,,,,,
Hunan,2003,1,,,,,,,,,,,,
Inner Mongolia,2003,1,,,,,,,,,,,,
Jiangsu,2003,1,,,,,,,,,,,,
Jiangxi,2003,1,,,,,,,,,,,,
Jilin,2003,1,,,,,,,,,,,,
Liaoning,2003,1,,,,,,,,,,,,
Ningxia,2003,1,,,,,,,,,,,,
Qinghai,2003,1,,,,,,,,,,,,
Shaanxi,2003,1,,,,,,,,,,,,
Shandong,2003,1,,,,,,,,,,,,
Shanghai,2003,1,,,,,,,,,,,,
Shanxi,2003,1,,,,,,,,,,,,
Sichuan,2003,1,,,,,,,,,,,,
Tianjin,2003,1,,,,,,,,,,,,
Tibet,2003,1,,,,,,,,,,,,
Xinjiang,2003,1,,,,,,,,,,,,
Yunnan,2003,1,,,,,,,,,,,,
Zhejiang,2003,1,,,,,,,,,,,,
Anhui,2004,1,,,,,,,,,,,,
Beijing,2004,1,,,,,,,,,,,,
Chongqing,2004,1,,,,,,,,,,,,
Fujian,2004,1,,,,,,,,,,,,
Gansu,2004,1,,,,,,,,,,,,
Guangdong,2004,1,,,,,,,,,,,,
Guangxi,2004,1,,,,,,,,,,,,
Guizhou,2004,1,,,,,,,,,,,,
Hainan,2004,1,,,,,,,,,,,,
Hebei,2004,1,,,,,,,,,,,,
Heilongjiang,2004,1,,,,,,,,,,,,
Henan,2004,1,,,,,,,,,,,,
Hubei,2004,1,,,,,,,,,,,,
Hunan,2004,1,,,,,,,,,,,,
Inner Mongolia,2004,1,,,,,,,,,,,,
Jiangsu,2004,1,,,,,,,,,,,,
Jiangxi,2004,1,,,,,,,,,,,,
Jilin,2004,1,,,,,,,,,,,,
Liaoning,2004,1,,,,,,,,,,,,
Ningxia,2004,1,,,,,,,,,,,,
Qinghai,2004,1,,,,,,,,,,,,
Shaanxi,2004,1,,,,,,,,,,,,
Shandong,2004,1,,,,,,,,,,,,
Shanghai,2004,1,,,,,,,,,,,,
Shanxi,2004,1,,,,,,,,,,,,
Sichuan,2004,1,,,,,,,,,,,,
Tianjin,2004,1,,,,,,,,,,,,
Tibet,2004,1,,,,,,,,,,,,
Xinjiang,2004,1,,,,,,,,,,,,
Yunnan,2004,1,,,,,,,,,,,,
Zhejiang,2004,1,,,,,,,,,,,,
Anhui,2005,1,,,,,,,,,,,,
Beijing,2005,1,,,,,,,,,,,,
Chongqing,2005,1,,,,,,,,,,,,
Fujian,2005,1,,,,,,,,,,,,
Gansu,2005,1,,,,,,,,,,,,
Guangdong,2005,1,,,,,,,,,,,,
Guangxi,2005,1,,,,,,,,,,,,
Guizhou,2005,1,,,,,,,,,,,,
Hainan,2005,1,,,,,,,,,,,,
Hebei,2005,1,,,,,,,,,,,,
Heilongjiang,2005,1,,,,,,,,,,,,
Henan,2005,1,,,,,,,,,,,,
Hubei,2005,1,,,,,,,,,,,,
Hunan,2005,1,,,,,,,,,,,,
Inner Mongolia,2005,1,,,,,,,,,,,,
Jiangsu,2005,1,,,,,,,,,,,,
Jiangxi,2005,1,,,,,,,,,,,,
Jilin,2005,1,,,,,,,,,,,,
Liaoning,2005,1,,,,,,,,,,,,
Ningxia,2005,1,,,,,,,,,,,,
Qinghai,2005,1,,,,,,,,,,,,
Shaanxi,2005,1,,,,,,,,,,,,
Shandong,2005,1,,,,,,,,,,,,
Shanghai,2005,1,,,,,,,,,,,,
Shanxi,2005,1,,,,,,,,,,,,
Sichuan,2005,1,,,,,,,,,,,,
Tianjin,2005,1,,,,,,,,,,,,
Tibet,2005,1,,,,,,,,,,,,
Xinjiang,2005,1,,,,,,,,,,,,
Yunnan,2005,1,,,,,,,,,,,,
Zhejiang,2005,1,,,,,,,,,,,,
Anhui,2006,1,,,,,,,,,,,,
Beijing,2006,1,,,,,,,,,,,,
Chongqing,2006,1,,,,,,,,,,,,
Fujian,2006,1,,,,,,,,,,,,
Gansu,2006,1,,,,,,,,,,,,
Guangdong,2006,1,,,,,,,,,,,,
Guangxi,2006,1,,,,,,,,,,,,
Guizhou,2006,1,,,,,,,,,,,,
Hainan,2006,1,,,,,,,,,,,,
Hebei,2006,1,,,,,,,,,,,,
Heilongjiang,2006,1,,,,,,,,,,,,
Henan,2006,1,,,,,,,,,,,,
Hubei,2006,1,,,,,,,,,,,,
Hunan,2006,1,,,,,,,,,,,,
Inner Mongolia,2006,1,,,,,,,,,,,,
Jiangsu,2006,1,,,,,,,,,,,,
Jiangxi,2006,1,,,,,,,,,,,,
Jilin,2006,1,,,,,,,,,,,,
Liaoning,2006,1,,,,,,,,,,,,
Ningxia,2006,1,,,,,,,,,,,,
Qinghai,2006,1,,,,,,,,,,,,
Shaanxi,2006,1,,,,,,,,,,,,
Shandong,2006,1,,,,,,,,,,,,
Shanghai,2006,1,,,,,,,,,,,,
Shanxi,2006,1,,,,,,,,,,,,
Sichuan,2006,1,,,,,,,,,,,,
Tianjin,2006,1,,,,,,,,,,,,
Tibet,2006,1,,,,,,,,,,,,
Xinjiang,2006,1,,,,,,,,,,,,
Yunnan,2006,1,,,,,,,,,,,,
Zhejiang,2006,1,,,,,,,,,,,,
Anhui,2007,1,,,,,,,,,,,,
Beijing,2007,1,,,,,,,,,,,,
Chongqing,2007,1,,,,,,,,,,,,
Fujian,2007,1,,,,,,,,,,,,
Gansu,2007,1,,,,,,,,,,,,
Guangdong,2007,1,,,,,,,,,,,,
Guangxi,2007,1,,,,,,,,,,,,
Guizhou,2007,1,,,,,,,,,,,,
Hainan,2007,1,,,,,,,,,,,,
Hebei,2007,1,,,,,,,,,,,,
Heilongjiang,2007,1,,,,,,,,,,,,
Henan,2007,1,,,,,,,,,,,,
Hubei,2007,1,,,,,,,,,,,,
Hunan,2007,1,,,,,,,,,,,,
Inner Mongolia,2007,1,,,,,,,,,,,,
Jiangsu,2007,1,,,,,,,,,,,,
Jiangxi,2007,1,,,,,,,,,,,,
Jilin,2007,1,,,,,,,,,,,,
Liaoning,2007,1,,,,,,,,,,,,
Ningxia,2007,1,,,,,,,,,,,,
Qinghai,2007,1,,,,,,,,,,,,
Shaanxi,2007,1,,,,,,,,,,,,
Shandong,2007,1,,,,,,,,,,,,
Shanghai,2007,1,,,,,,,,,,,,
Shanxi,2007,1,,,,,,,,,,,,
Sichuan,2007,1,,,,,,,,,,,,
Tianjin,2007,1,,,,,,,,,,,,
Tibet,2007,1,,,,,,,,,,,,
Xinjiang,2007,1,,,,,,,,,,,,
Yunnan,2007,1,,,,,,,,,,,,
Zhejiang,2007,1,,,,,,,,,,,,
Anhui,2008,1,,,,,,,,,,,,
Beijing,2008,1,,,,,,,,,,,,
Chongqing,2008,1,,,,,,,,,,,,
Fujian,2008,1,,,,,,,,,,,,
Gansu,2008,1,,,,,,,,,,,,
Guangdong,2008,1,,,,,,,,,,,,
Guangxi,2008,1,,,,,,,,,,,,
Guizhou,2008,1,,,,,,,,,,,,
Hainan,2008,1,,,,,,,,,,,,
Hebei,2008,1,,,,,,,,,,,,
Heilongjiang,2008,1,,,,,,,,,,,,
Henan,2008,1,,,,,,,,,,,,
Hubei,2008,1,,,,,,,,,,,,
Hunan,2008,1,,,,,,,,,,,,
Inner Mongolia,2008,1,,,,,,,,,,,,
Jiangsu,2008,1,,,,,,,,,,,,
Jiangxi,2008,1,,,,,,,,,,,,
Jilin,2008,1,,,,,,,,,,,,
Liaoning,2008,1,,,,,,,,,,,,
Ningxia,2008,1,,,,,,,,,,,,
Qinghai,2008,1,,,,,,,,,,,,
Shaanxi,2008,1,,,,,,,,,,,,
Shandong,2008,1,,,,,,,,,,,,
Shanghai,2008,1,,,,,,,,,,,,
Shanxi,2008,1,,,,,,,,,,,,
Sichuan,2008,1,,,,,,,,,,,,
Tianjin,2008,1,,,,,,,,,,,,
Tibet,2008,1,,,,,,,,,,,,
Xinjiang,2008,1,,,,,,,,,,,,
Yunnan,2008,1,,,,,,,,,,,,
Zhejiang,2008,1,,,,,,,,,,,,
Anhui,2009,1,,,,,,,,,,,,
Beijing,2009,1,,,,,,,,,,,,
Chongqing,2009,1,,,,,,,,,,,,
Fujian,2009,1,,,,,,,,,,,,
Gansu,2009,1,,,,,,,,,,,,
Guangdong,2009,1,,,,,,,,,,,,
Guangxi,2009,1,,,,,,,,,,,,
Guizhou,2009,1,,,,,,,,,,,,
Hainan,2009,1,,,,,,,,,,,,
Hebei,2009,1,,,,,,,,,,,,
Heilongjiang,2009,1,,,,,,,,,,,,
Henan,2009,1,,,,,,,,,,,,
Hubei,2009,1,,,,,,,,,,,,
Hunan,2009,1,,,,,,,,,,,,
Inner Mongolia,2009,1,,,,,,,,,,,,
Jiangsu,2009,1,,,,,,,,,,,,
Jiangxi,2009,1,,,,,,,,,,,,
Jilin,2009,1,,,,,,,,,,,,
Liaoning,2009,1,,,,,,,,,,,,
Ningxia,2009,1,,,,,,,,,,,,
Qinghai,2009,1,,,,,,,,,,,,
Shaanxi,2009,1,,,,,,,,,,,,
Shandong,2009,1,,,,,,,,,,,,
Shanghai,2009,1,,,,,,,,,,,,
Shanxi,2009,1,,,,,,,,,,,,
Sichuan,2009,1,,,,,,,,,,,,
Tianjin,2009,1,,,,,,,,,,,,
Tibet,2009,1,,,,,,,,,,,,
Xinjiang,2009,1,,,,,,,,,,,,
Yunnan,2009,1,,,,,,,,,,,,
Zhejiang,2009,1,,,,,,,,,,,,
Anhui,2010,1,,,,,,,,,,,,
Beijing,2010,1,,,,,,,,,,,,
Chongqing,2010,1,,,,,,,,,,,,
Fujian,2010,1,,,,,,,,,,,,
Gansu,2010,1,,,,,,,,,,,,
Guangdong,2010,1,,,,,,,,,,,,
Guangxi,2010,1,,,,,,,,,,,,
Guizhou,2010,1,,,,,,,,,,,,
Hainan,2010,1,,,,,,,,,,,,
Hebei,2010,1,,,,,,,,,,,,
Heilongjiang,2010,1,,,,,,,,,,,,
Henan,2010,1,,,,,,,,,,,,
Hubei,2010,1,,,,,,,,,,,,
Hunan,2010,1,,,,,,,,,,,,
Inner Mongolia,2010,1,,,,,,,,,,,,
Jiangsu,2010,1,,,,,,,,,,,,
Jiangxi,2010,1,,,,,,,,,,,,
Jilin,2010,1,,,,,,,,,,,,
Liaoning,2010,1,,,,,,,,,,,,
Ningxia,2010,1,,,,,,,,,,,,
Qinghai,2010,1,,,,,,,,,,,,
Shaanxi,2010,1,,,,,,,,,,,,
Shandong,2010,1,,,,,,,,,,,,
Shanghai,2010,1,,,,,,,,,,,,
Shanxi,2010,1,,,,,,,,,,,,
Sichuan,2010,1,,,,,,,,,,,,
Tianjin,2010,1,,,,,,,,,,,,
Tibet,2010,1,,,,,,,,,,,,
Xinjiang,2010,1,,,,,,,,,,,,
Yunnan,2010,1,,,,,,,,,,,,
Zhejiang,2010,1,,,,,,,,,,,,
Anhui,2011,1,,,,,,,,,,,,
Beijing,2011,1,,,,,,,,,,,,
Chongqing,2011,1,,,,,,,,,,,,
Fujian,2011,1,,,,,,,,,,,,
Gansu,2011,1,,,,,,,,,,,,
Guangdong,2011,1,,,,,,,,,,,,
Guangxi,2011,1,,,,,,,,,,,,
Guizhou,2011,1,,,,,,,,,,,,
Hainan,2011,1,,,,,,,,,,,,
Hebei,2011,1,,,,,,,,,,,,
Heilongjiang,2011,1,,,,,,,,,,,,
Henan,2011,1,,,,,,,,,,,,
Hubei,2011,1,,,,,,,,,,,,
Hunan,2011,1,,,,,,,,,,,,
Inner Mongolia,2011,1,,,,,,,,,,,,
Jiangsu,2011,1,,,,,,,,,,,,
Jiangxi,2011,1,,,,,,,,,,,,
Jilin,2011,1,,,,,,,,,,,,
Liaoning,2011,1,,,,,,,,,,,,
Ningxia,2011,1,,,,,,,,,,,,
Qinghai,2011,1,,,,,,,,,,,,
Shaanxi,2011,1,,,,,,,,,,,,
Shandong,2011,1,,,,,,,,,,,,
Shanghai,2011,1,,,,,,,,,,,,
Shanxi,2011,1,,,,,,,,,,,,
Sichuan,2011,1,,,,,,,,,,,,
Tianjin,2011,1,,,,,,,,,,,,
Tibet,2011,1,,,,,,,,,,,,
Xinjiang,2011,1,,,,,,,,,,,,
Yunnan,2011,1,,,,,,,,,,,,
Zhejiang,2011,1,,,,,,,,,,,,
Anhui,2012,1,,,,,,,,,,,,
Beijing,2012,1,,,,,,,,,,,,
Chongqing,2012,1,,,,,,,,,,,,
Fujian,2012,1,,,,,,,,,,,,
Gansu,2012,1,,,,,,,,,,,,
Guangdong,2012,1,,,,,,,,,,,,
Guangxi,2012,1,,,,,,,,,,,,
Guizhou,2012,1,,,,,,,,,,,,
Hainan,2012,1,,,,,,,,,,,,
Hebei,2012,1,,,,,,,,,,,,
Heilongjiang,2012,1,,,,,,,,,,,,
Henan,2012,1,,,,,,,,,,,,
Hubei,2012,1,,,,,,,,,,,,
Hunan,2012,1,,,,,,,,,,,,
Inner Mongolia,2012,1,,,,,,,,,,,,
Jiangsu,2012,1,,,,,,,,,,,,
Jiangxi,2012,1,,,,,,,,,,,,
Jilin,2012,1,,,,,,,,,,,,
Liaoning,2012,1,,,,,,,,,,,,
Ningxia,2012,1,,,,,,,,,,,,
Qinghai,2012,1,,,,,,,,,,,,
Shaanxi,2012,1,,,,,,,,,,,,
Shandong,2012,1,,,,,,,,,,,,
Shanghai,2012,1,,,,,,,,,,,,
Shanxi,2012,1,,,,,,,,,,,,
Sichuan,2012,1,,,,,,,,,,,,
Tianjin,2012,1,,,,,,,,,,,,
Tibet,2012,1,,,,,,,,,,,,
Xinjiang,2012,1,,,,,,,,,,,,
Yunnan,2012,1,,,,,,,,,,,,
Zhejiang,2012,1,,,,,,,,,,,,
Anhui,2013,1,,,,,,,,,,,,
Beijing,2013,1,,,,,,,,,,,,
Chongqing,2013,1,,,,,,,,,,,,
Fujian,2013,1,,,,,,,,,,,,
Gansu,2013,1,,,,,,,,,,,,
Guangdong,2013,1,,,,,,,,,,,,
Guangxi,2013,1,,,,,,,,,,,,
Guizhou,2013,1,,,,,,,,,,,,
Hainan,2013,1,,,,,,,,,,,,
Hebei,2013,1,,,,,,,,,,,,
Heilongjiang,2013,1,,,,,,,,,,,,
Henan,2013,1,,,,,,,,,,,,
Hubei,2013,1,,,,,,,,,,,,
Hunan,2013,1,,,,,,,,,,,,
Inner Mongolia,2013,1,,,,,,,,,,,,
Jiangsu,2013,1,,,,,,,,,,,,
Jiangxi,2013,1,,,,,,,,,,,,
Jilin,2013,1,,,,,,,,,,,,
Liaoning,2013,1,,,,,,,,,,,,
Ningxia,2013,1,,,,,,,,,,,,
Qinghai,2013,1,,,,,,,,,,,,
Shaanxi,2013,1,,,,,,,,,,,,
Shandong,2013,1,,,,,,,,,,,,
Shanghai,2013,1,,,,,,,,,,,,
Shanxi,2013,1,,,,,,,,,,,,
Sichuan,2013,1,,,,,,,,,,,,
Tianjin,2013,1,,,,,,,,,,,,
Tibet,2013,1,,,,,,,,,,,,
Xinjiang,2013,1,,,,,,,,,,,,
Yunnan,2013,1,,,,,,,,,,,,
Zhejiang,2013,1,,,,,,,,,,,,
Anhui,2014,1,,,,,,,,,,,,
Beijing,2014,1,,,,,,,,,,,,
Chongqing,2014,1,,,,,,,,,,,,
Fujian,2014,1,,,,,,,,,,,,
Gansu,2014,1,,,,,,,,,,,,
Guangdong,2014,1,,,,,,,,,,,,
Guangxi,2014,1,,,,,,,,,,,,
Guizhou,2014,1,,,,,,,,,,,,
Hainan,2014,1,,,,,,,,,,,,
Hebei,2014,1,,,,,,,,,,,,
Heilongjiang,2014,1,,,,,,,,,,,,
Henan,2014,1,,,,,,,,,,,,
Hubei,2014,1,,,,,,,,,,,,
Hunan,2014,1,,,,,,,,,,,,
Inner Mongolia,2014,1,,,,,,,,,,,,
Jiangsu,2014,1,,,,,,,,,,,,
Jiangxi,2014,1,,,,,,,,,,,,
Jilin,2014,1,,,,,,,,,,,,
Liaoning,2014,1,,,,,,,,,,,,
Ningxia,2014,1,,,,,,,,,,,,
Qinghai,2014,1,,,,,,,,,,,,
Shaanxi,2014,1,,,,,,,,,,,,
Shandong,2014,1,,,,,,,,,,,,
Shanghai,2014,1,,,,,,,,,,,,
Shanxi,2014,1,,,,,,,,,,,,
Sichuan,2014,1,,,,,,,,,,,,
Tianjin,2014,1,,,,,,,,,,,,
Tibet,2014,1,,,,,,,,,,,,
Xinjiang,2014,1,,,,,,,,,,,,
Yunnan,2014,1,,,,,,,,,,,,
Zhejiang,2014,1,,,,,,,,,,,,
Anhui,2015,1,,,,,,,,,,,,
Beijing,2015,1,,,,,,,,,,,,
Chongqing,2015,1,,,,,,,,,,,,
Fujian,2015,1,,,,,,,,,,,,
Gansu,2015,1,,,,,,,,,,,,
Guangdong,2015,1,,,,,,,,,,,,
Guangxi,2015,1,,,,,,,,,,,,
Guizhou,2015,1,,,,,,,,,,,,
Hainan,2015,1,,,,,,,,,,,,
Hebei,2015,1,,,,,,,,,,,,
Heilongjiang,2015,1,,,,,,,,,,,,
Henan,2015,1,,,,,,,,,,,,
Hubei,2015,1,,,,,,,,,,,,
Hunan,2015,1,,,,,,,,,,,,
Inner Mongolia,2015,1,,,,,,,,,,,,
Jiangsu,2015,1,,,,,,,,,,,,
Jiangxi,2015,1,,,,,,,,,,,,
Jilin,2015,1,,,,,,,,,,,,
Liaoning,2015,1,,,,,,,,,,,,
Ningxia,2015,1,,,,,,,,,,,,
Qinghai,2015,1,,,,,,,,,,,,
Shaanxi,2015,1,,,,,,,,,,,,
Shandong,2015,1,,,,,,,,,,,,
Shanghai,2015,1,,,,,,,,,,,,
Shanxi,2015,1,,,,,,,,,,,,
Sichuan,2015,1,,,,,,,,,,,,
Tianjin,2015,1,,,,,,,,,,,,
Tibet,2015,1,,,,,,,,,,,,
Xinjiang,2015,1,,,,,,,,,,,,
Yunnan,2015,1,,,,,,,,,,,,
Zhejiang,2015,1,,,,,,,,,,,,
Anhui,2016,1,,,,,,,,,,,,
Beijing,2016,1,,,,,,,,,,,,
Chongqing,2016,1,,,,,,,,,,,,
Fujian,2016,1,,,,,,,,,,,,
Gansu,2016,1,,,,,,,,,,,,
Guangdong,2016,1,,,,,,,,,,,,
Guangxi,2016,1,,,,,,,,,,,,
Guizhou,2016,1,,,,,,,,,,,,
Hainan,2016,1,,,,,,,,,,,,
Hebei,2016,1,,,,,,,,,,,,
Heilongjiang,2016,1,,,,,,,,,,,,
Henan,2016,1,,,,,,,,,,,,
Hubei,2016,1,,,,,,,,,,,,
Hunan,2016,1,,,,,,,,,,,,
Inner Mongolia,2016,1,,,,,,,,,,,,
Jiangsu,2016,1,,,,,,,,,,,,
Jiangxi,2016,1,,,,,,,,,,,,
Jilin,2016,1,,,,,,,,,,,,
Liaoning,2016,1,,,,,,,,,,,,
Ningxia,2016,1,,,,,,,,,,,,
Qinghai,2016,1,,,,,,,,,,,,
Shaanxi,2016,1,,,,,,,,,,,,
Shandong,2016,1,,,,,,,,,,,,
Shanghai,2016,1,,,,,,,,,,,,
Shanxi,2016,1,,,,,,,,,,,,
Sichuan,2016,1,,,,,,,,,,,,
Tianjin,2016,1,,,,,,,,,,,,
Tibet,2016,1,,,,,,,,,,,,
Xinjiang,2016,1,,,,,,,,,,,,
Yunnan,2016,1,,,,,,,,,,,,
Zhejiang,2016,1,,,,,,,,,,,,
Anhui,2017,1,,,,,,,,,,,,
Beijing,2017,1,,,,,,,,,,,,
Chongqing,2017,1,,,,,,,,,,,,
Fujian,2017,1,,,,,,,,,,,,
Gansu,2017,1,,,,,,,,,,,,
Guangdong,2017,1,,,,,,,,,,,,
Guangxi,2017,1,,,,,,,,,,,,
Guizhou,2017,1,,,,,,,,,,,,
Hainan,2017,1,,,,,,,,,,,,
Hebei,2017,1,,,,,,,,,,,,
Heilongjiang,2017,1,,,,,,,,,,,,
Henan,2017,1,,,,,,,,,,,,
Hubei,2017,1,,,,,,,,,,,,
Hunan,2017,1,,,,,,,,,,,,
Inner Mongolia,2017,1,,,,,,,,,,,,
Jiangsu,2017,1,,,,,,,,,,,,
Jiangxi,2017,1,,,,,,,,,,,,
Jilin,2017,1,,,,,,,,,,,,
Liaoning,2017,1,,,,,,,,,,,,
Ningxia,2017,1,,,,,,,,,,,,
Qinghai,2017,1,,,,,,,,,,,,
Shaanxi,2017,1,,,,,,,,,,,,
Shandong,2017,1,,,,,,,,,,,,
Shanghai,2017,1,,,,,,,,,,,,
Shanxi,2017,1,,,,,,,,,,,,
Sichuan,2017,1,,,,,,,,,,,,
Tianjin,2017,1,,,,,,,,,,,,
Tibet,2017,1,,,,,,,,,,,,
Xinjiang,2017,1,,,,,,,,,,,,
Yunnan,2017,1,,,,,,,,,,,,
Zhejiang,2017,1,,,,,,,,,,,,
Anhui,2018,1,,,,,,,,,,,,
Beijing,2018,1,,,,,,,,,,,,
Chongqing,2018,1,,,,,,,,,,,,
Fujian,2018,1,,,,,,,,,,,,
Gansu,2018,1,,,,,,,,,,,,
Guangdong,2018,1,,,,,,,,,,,,
Guangxi,2018,1,,,,,,,,,,,,
Guizhou,2018,1,,,,,,,,,,,,
Hainan,2018,1,,,,,,,,,,,,
Hebei,2018,1,,,,,,,,,,,,
Heilongjiang,2018,1,,,,,,,,,,,,
Henan,2018,1,,,,,,,,,,,,
Hubei,2018,1,,,,,,,,,,,,
Hunan,2018,1,,,,,,,,,,,,
Inner Mongolia,2018,1,,,,,,,,,,,,
Jiangsu,2018,1,,,,,,,,,,,,
Jiangxi,2018,1,,,,,,,,,,,,
Jilin,2018,1,,,,,,,,,,,,
Liaoning,2018,1,,,,,,,,,,,,
Ningxia,2018,1,,,,,,,,,,,,
Qinghai,2018,1,,,,,,,,,,,,
Shaanxi,2018,1,,,,,,,,,,,,
Shandong,2018,1,,,,,,,,,,,,
Shanghai,2018,1,,,,,,,,,,,,
Shanxi,2018,1,,,,,,,,,,,,
Sichuan,2018,1,,,,,,,,,,,,
Tianjin,2018,1,,,,,,,,,,,,
Tibet,2018,1,,,,,,,,,,,,
Xinjiang,2018,1,,,,,,,,,,,,
Yunnan,2018,1,,,,,,,,,,,,
Zhejiang,2018,1,,,,,,,,,,,,
Anhui,2019,1,,,,,,,,,,,,
Beijing,2019,1,,,,,,,,,,,,
Chongqing,2019,1,,,,,,,,,,,,
Fujian,2019,1,,,,,,,,,,,,
Gansu,2019,1,,,,,,,,,,,,
Guangdong,2019,1,,,,,,,,,,,,
Guangxi,2019,1,,,,,,,,,,,,
Guizhou,2019,1,,,,,,,,,,,,
Hainan,2019,1,,,,,,,,,,,,
Hebei,2019,1,,,,,,,,,,,,
Heilongjiang,2019,1,,,,,,,,,,,,
Henan,2019,1,,,,,,,,,,,,
Hubei,2019,1,,,,,,,,,,,,
Hunan,2019,1,,,,,,,,,,,,
Inner Mongolia,2019,1,,,,,,,,,,,,
Jiangsu,2019,1,,,,,,,,,,,,
Jiangxi,2019,1,,,,,,,,,,,,
Jilin,2019,1,,,,,,,,,,,,
Liaoning,2019,1,,,,,,,,,,,,
Ningxia,2019,1,,,,,,,,,,,,
Qinghai,2019,1,,,,,,,,,,,,
Shaanxi,2019,1,,,,,,,,,,,,
Shandong,2019,1,,,,,,,,,,,,
Shanghai,2019,1,,,,,,,,,,,,
Shanxi,2019,1,,,,,,,,,,,,
Sichuan,2019,1,,,,,,,,,,,,
Tianjin,2019,1,,,,,,,,,,,,
Tibet,2019,1,,,,,,,,,,,,
Xinjiang,2019,1,,,,,,,,,,,,
Yunnan,2019,1,,,,,,,,,,,,
Zhejiang,2019,1,,,,,,,,,,,,
Anhui,2020,1,,,,,,,,,,,,
Beijing,2020,1,,,,,,,,,,,,
Chongqing,2020,1,,,,,,,,,,,,
Fujian,2020,1,,,,,,,,,,,,
Gansu,2020,1,,,,,,,,,,,,
Guangdong,2020,1,,,,,,,,,,,,
Guangxi,2020,1,,,,,,,,,,,,
Guizhou,2020,1,,,,,,,,,,,,
Hainan,2020,1,,,,,,,,,,,,
Hebei,2020,1,,,,,,,,,,,,
Heilongjiang,2020,1,,,,,,,,,,,,
Henan,2020,1,,,,,,,,,,,,
Hubei,2020,1,,,,,,,,,,,,
Hunan,2020,1,,,,,,,,,,,,
Inner Mongolia,2020,1,,,,,,,,,,,,
Jiangsu,2020,1,,,,,,,,,,,,
Jiangxi,2020,1,,,,,,,,,,,,
Jilin,2020,1,,,,,,,,,,,,
Liaoning,2020,1,,,,,,,,,,,,
Ningxia,2020,1,,,,,,,,,,,,
Qinghai,2020,1,,,,,,,,,,,,
Shaanxi,2020,1,,,,,,,,,,,,
Shandong,2020,1,,,,,,,,,,,,
Shanghai,2020,1,,,,,,,,,,,,
Shanxi,2020,1,,,,,,,,,,,,
Sichuan,2020,1,,,,,,,,,,,,
Tianjin,2020,1,,,,,,,,,,,,
Tibet,2020,1,,,,,,,,,,,,
Xinjiang,2020,1,,,,,,,,,,,,
Yunnan,2020,1,,,,,,,,,,,,
Zhejiang,2020,1,,,,,,,,,,,,
Anhui,1998,2,,,,,,,,,,,,
Beijing,1998,2,,,,,,,,,,,,
Chongqing,1998,2,,,,,,,,,,,,
Fujian,1998,2,,,,,,,,,,,,
Gansu,1998,2,,,,,,,,,,,,
Guangdong,1998,2,,,,,,,,,,,,
Guangxi,1998,2,,,,,,,,,,,,
Guizhou,1998,2,,,,,,,,,,,,
Hainan,1998,2,,,,,,,,,,,,
Hebei,1998,2,,,,,,,,,,,,
Heilongjiang,1998,2,,,,,,,,,,,,
Henan,1998,2,,,,,,,,,,,,
Hubei,1998,2,,,,,,,,,,,,
Hunan,1998,2,,,,,,,,,,,,
Inner Mongolia,1998,2,,,,,,,,,,,,
Jiangsu,1998,2,,,,,,,,,,,,
Jiangxi,1998,2,,,,,,,,,,,,
Jilin,1998,2,,,,,,,,,,,,
Liaoning,1998,2,,,,,,,,,,,,
Ningxia,1998,2,,,,,,,,,,,,
Qinghai,1998,2,,,,,,,,,,,,
Shaanxi,1998,2,,,,,,,,,,,,
Shandong,1998,2,,,,,,,,,,,,
Shanghai,1998,2,,,,,,,,,,,,
Shanxi,1998,2,,,,,,,,,,,,
Sichuan,1998,2,,,,,,,,,,,,
Tianjin,1998,2,,,,,,,,,,,,
Tibet,1998,2,,,,,,,,,,,,
Xinjiang,1998,2,,,,,,,,,,,,
Yunnan,1998,2,,,,,,,,,,,,
Zhejiang,1998,2,,,,,,,,,,,,
Anhui,1999,2,,,,,,,,,,,,
Beijing,1999,2,,,,,,,,,,,,
Chongqing,1999,2,,,,,,,,,,,,
Fujian,1999,2,,,,,,,,,,,,
Gansu,1999,2,,,,,,,,,,,,
Guangdong,1999,2,,,,,,,,,,,,
Guangxi,1999,2,,,,,,,,,,,,
Guizhou,1999,2,,,,,,,,,,,,
Hainan,1999,2,,,,,,,,,,,,
Hebei,1999,2,,,,,,,,,,,,
Heilongjiang,1999,2,,,,,,,,,,,,
Henan,1999,2,,,,,,,,,,,,
Hubei,1999,2,,,,,,,,,,,,
Hunan,1999,2,,,,,,,,,,,,
Inner Mongolia,1999,2,,,,,,,,,,,,
Jiangsu,1999,2,,,,,,,,,,,,
Jiangxi,1999,2,,,,,,,,,,,,
Jilin,1999,2,,,,,,,,,,,,
Liaoning,1999,2,,,,,,,,,,,,
Ningxia,1999,2,,,,,,,,,,,,
Qinghai,1999,2,,,,,,,,,,,,
Shaanxi,1999,2,,,,,,,,,,,,
Shandong,1999,2,,,,,,,,,,,,
Shanghai,1999,2,,,,,,,,,,,,
Shanxi,1999,2,,,,,,,,,,,,
Sichuan,1999,2,,,,,,,,,,,,
Tianjin,1999,2,,,,,,,,,,,,
Tibet,1999,2,,,,,,,,,,,,
Xinjiang,1999,2,,,,,,,,,,,,
Yunnan,1999,2,,,,,,,,,,,,
Zhejiang,1999,2,,,,,,,,,,,,
Anhui,2000,2,,,,,,,,,,,,
Beijing,2000,2,,,,,,,,,,,,
Chongqing,2000,2,,,,,,,,,,,,
Fujian,2000,2,,,,,,,,,,,,
Gansu,2000,2,,,,,,,,,,,,
Guangdong,2000,2,,,,,,,,,,,,
Guangxi,2000,2,,,,,,,,,,,,
Guizhou,2000,2,,,,,,,,,,,,
Hainan,2000,2,,,,,,,,,,,,
Hebei,2000,2,,,,,,,,,,,,
Heilongjiang,2000,2,,,,,,,,,,,,
Henan,2000,2,,,,,,,,,,,,
Hubei,2000,2,,,,,,,,,,,,
Hunan,2000,2,,,,,,,,,,,,
Inner Mongolia,2000,2,,,,,,,,,,,,
Jiangsu,2000,2,,,,,,,,,,,,
Jiangxi,2000,2,,,,,,,,,,,,
Jilin,2000,2,,,,,,,,,,,,
Liaoning,2000,2,,,,,,,,,,,,
Ningxia,2000,2,,,,,,,,,,,,
Qinghai,2000,2,,,,,,,,,,,,
Shaanxi,2000,2,,,,,,,,,,,,
Shandong,2000,2,,,,,,,,,,,,
Shanghai,2000,2,,,,,,,,,,,,
Shanxi,2000,2,,,,,,,,,,,,
Sichuan,2000,2,,,,,,,,,,,,
Tianjin,2000,2,,,,,,,,,,,,
Tibet,2000,2,,,,,,,,,,,,
Xinjiang,2000,2,,,,,,,,,,,,
Yunnan,2000,2,,,,,,,,,,,,
Zhejiang,2000,2,,,,,,,,,,,,
Anhui,2001,2,,,,,,,,,,,,
Beijing,2001,2,,,,,,,,,,,,
Chongqing,2001,2,,,,,,,,,,,,
Fujian,2001,2,,,,,,,,,,,,
Gansu,2001,2,,,,,,,,,,,,
Guangdong,2001,2,,,,,,,,,,,,
Guangxi,2001,2,,,,,,,,,,,,
Guizhou,2001,2,,,,,,,,,,,,
Hainan,2001,2,,,,,,,,,,,,
Hebei,2001,2,,,,,,,,,,,,
Heilongjiang,2001,2,,,,,,,,,,,,
Henan,2001,2,,,,,,,,,,,,
Hubei,2001,2,,,,,,,,,,,,
Hunan,2001,2,,,,,,,,,,,,
Inner Mongolia,2001,2,,,,,,,,,,,,
Jiangsu,2001,2,,,,,,,,,,,,
Jiangxi,2001,2,,,,,,,,,,,,
Jilin,2001,2,,,,,,,,,,,,
Liaoning,2001,2,,,,,,,,,,,,
Ningxia,2001,2,,,,,,,,,,,,
Qinghai,2001,2,,,,,,,,,,,,
Shaanxi,2001,2,,,,,,,,,,,,
Shandong,2001,2,,,,,,,,,,,,
Shanghai,2001,2,,,,,,,,,,,,
Shanxi,2001,2,,,,,,,,,,,,
Sichuan,2001,2,,,,,,,,,,,,
Tianjin,2001,2,,,,,,,,,,,,
Tibet,2001,2,,,,,,,,,,,,
Xinjiang,2001,2,,,,,,,,,,,,
Yunnan,2001,2,,,,,,,,,,,,
Zhejiang,2001,2,,,,,,,,,,,,
Anhui,2002,2,,,,,,,,,,,,
Beijing,2002,2,,,,,,,,,,,,
Chongqing,2002,2,,,,,,,,,,,,
Fujian,2002,2,,,,,,,,,,,,
Gansu,2002,2,,,,,,,,,,,,
Guangdong,2002,2,,,,,,,,,,,,
Guangxi,2002,2,,,,,,,,,,,,
Guizhou,2002,2,,,,,,,,,,,,
Hainan,2002,2,,,,,,,,,,,,
Hebei,2002,2,,,,,,,,,,,,
Heilongjiang,2002,2,,,,,,,,,,,,
Henan,2002,2,,,,,,,,,,,,
Hubei,2002,2,,,,,,,,,,,,
Hunan,2002,2,,,,,,,,,,,,
Inner Mongolia,2002,2,,,,,,,,,,,,
Jiangsu,2002,2,,,,,,,,,,,,
Jiangxi,2002,2,,,,,,,,,,,,
Jilin,2002,2,,,,,,,,,,,,
Liaoning,2002,2,,,,,,,,,,,,
Ningxia,2002,2,,,,,,,,,,,,
Qinghai,2002,2,,,,,,,,,,,,
Shaanxi,2002,2,,,,,,,,,,,,
Shandong,2002,2,,,,,,,,,,,,
Shanghai,2002,2,,,,,,,,,,,,
Shanxi,2002,2,,,,,,,,,,,,
Sichuan,2002,2,,,,,,,,,,,,
Tianjin,2002,2,,,,,,,,,,,,
Tibet,2002,2,,,,,,,,,,,,
Xinjiang,2002,2,,,,,,,,,,,,
Yunnan,2002,2,,,,,,,,,,,,
Zhejiang,2002,2,,,,,,,,,,,,
Anhui,2003,2,,,,,,,,,,,,
Beijing,2003,2,,,,,,,,,,,,
Chongqing,2003,2,,,,,,,,,,,,
Fujian,2003,2,,,,,,,,,,,,
Gansu,2003,2,,,,,,,,,,,,
Guangdong,2003,2,,,,,,,,,,,,
Guangxi,2003,2,,,,,,,,,,,,
Guizhou,2003,2,,,,,,,,,,,,
Hainan,2003,2,,,,,,,,,,,,
Hebei,2003,2,,,,,,,,,,,,
Heilongjiang,2003,2,,,,,,,,,,,,
Henan,2003,2,,,,,,,,,,,,
Hubei,2003,2,,,,,,,,,,,,
Hunan,2003,2,,,,,,,,,,,,
Inner Mongolia,2003,2,,,,,,,,,,,,
Jiangsu,2003,2,,,,,,,,,,,,
Jiangxi,2003,2,,,,,,,,,,,,
Jilin,2003,2,,,,,,,,,,,,
Liaoning,2003,2,,,,,,,,,,,,
Ningxia,2003,2,,,,,,,,,,,,
Qinghai,2003,2,,,,,,,,,,,,
Shaanxi,2003,2,,,,,,,,,,,,
Shandong,2003,2,,,,,,,,,,,,
Shanghai,2003,2,,,,,,,,,,,,
Shanxi,2003,2,,,,,,,,,,,,
Sichuan,2003,2,,,,,,,,,,,,
Tianjin,2003,2,,,,,,,,,,,,
Tibet,2003,2,,,,,,,,,,,,
Xinjiang,2003,2,,,,,,,,,,,,
Yunnan,2003,2,,,,,,,,,,,,
Zhejiang,2003,2,,,,,,,,,,,,
Anhui,2004,2,,,,,,,,,,,,
Beijing,2004,2,,,,,,,,,,,,
Chongqing,2004,2,,,,,,,,,,,,
Fujian,2004,2,,,,,,,,,,,,
Gansu,2004,2,,,,,,,,,,,,
Guangdong,2004,2,,,,,,,,,,,,
Guangxi,2004,2,,,,,,,,,,,,
Guizhou,2004,2,,,,,,,,,,,,
Hainan,2004,2,,,,,,,,,,,,
Hebei,2004,2,,,,,,,,,,,,
Heilongjiang,2004,2,,,,,,,,,,,,
Henan,2004,2,,,,,,,,,,,,
Hubei,2004,2,,,,,,,,,,,,
Hunan,2004,2,,,,,,,,,,,,
Inner Mongolia,2004,2,,,,,,,,,,,,
Jiangsu,2004,2,,,,,,,,,,,,
Jiangxi,2004,2,,,,,,,,,,,,
Jilin,2004,2,,,,,,,,,,,,
Liaoning,2004,2,,,,,,,,,,,,
Ningxia,2004,2,,,,,,,,,,,,
Qinghai,2004,2,,,,,,,,,,,,
Shaanxi,2004,2,,,,,,,,,,,,
Shandong,2004,2,,,,,,,,,,,,
Shanghai,2004,2,,,,,,,,,,,,
Shanxi,2004,2,,,,,,,,,,,,
Sichuan,2004,2,,,,,,,,,,,,
Tianjin,2004,2,,,,,,,,,,,,
Tibet,2004,2,,,,,,,,,,,,
Xinjiang,2004,2,,,,,,,,,,,,
Yunnan,2004,2,,,,,,,,,,,,
Zhejiang,2004,2,,,,,,,,,,,,
Anhui,2005,2,,,,,,,,,,,,
Beijing,2005,2,,,,,,,,,,,,
Chongqing,2005,2,,,,,,,,,,,,
Fujian,2005,2,,,,,,,,,,,,
Gansu,2005,2,,,,,,,,,,,,
Guangdong,2005,2,,,,,,,,,,,,
Guangxi,2005,2,,,,,,,,,,,,
Guizhou,2005,2,,,,,,,,,,,,
Hainan,2005,2,,,,,,,,,,,,
Hebei,2005,2,,,,,,,,,,,,
Heilongjiang,2005,2,,,,,,,,,,,,
Henan,2005,2,,,,,,,,,,,,
Hubei,2005,2,,,,,,,,,,,,
Hunan,2005,2,,,,,,,,,,,,
Inner Mongolia,2005,2,,,,,,,,,,,,
Jiangsu,2005,2,,,,,,,,,,,,
Jiangxi,2005,2,,,,,,,,,,,,
Jilin,2005,2,,,,,,,,,,,,
Liaoning,2005,2,,,,,,,,,,,,
Ningxia,2005,2,,,,,,,,,,,,
Qinghai,2005,2,,,,,,,,,,,,
Shaanxi,2005,2,,,,,,,,,,,,
Shandong,2005,2,,,,,,,,,,,,
Shanghai,2005,2,,,,,,,,,,,,
Shanxi,2005,2,,,,,,,,,,,,
Sichuan,2005,2,,,,,,,,,,,,
Tianjin,2005,2,,,,,,,,,,,,
Tibet,2005,2,,,,,,,,,,,,
Xinjiang,2005,2,,,,,,,,,,,,
Yunnan,2005,2,,,,,,,,,,,,
Zhejiang,2005,2,,,,,,,,,,,,
Anhui,2006,2,,,,,,,,,,,,
Beijing,2006,2,,,,,,,,,,,,
Chongqing,2006,2,,,,,,,,,,,,
Fujian,2006,2,,,,,,,,,,,,
Gansu,2006,2,,,,,,,,,,,,
Guangdong,2006,2,,,,,,,,,,,,
Guangxi,2006,2,,,,,,,,,,,,
Guizhou,2006,2,,,,,,,,,,,,
Hainan,2006,2,,,,,,,,,,,,
Hebei,2006,2,,,,,,,,,,,,
Heilongjiang,2006,2,,,,,,,,,,,,
Henan,2006,2,,,,,,,,,,,,
Hubei,2006,2,,,,,,,,,,,,
Hunan,2006,2,,,,,,,,,,,,
Inner Mongolia,2006,2,,,,,,,,,,,,
Jiangsu,2006,2,,,,,,,,,,,,
Jiangxi,2006,2,,,,,,,,,,,,
Jilin,2006,2,,,,,,,,,,,,
Liaoning,2006,2,,,,,,,,,,,,
Ningxia,2006,2,,,,,,,,,,,,
Qinghai,2006,2,,,,,,,,,,,,
Shaanxi,2006,2,,,,,,,,,,,,
Shandong,2006,2,,,,,,,,,,,,
Shanghai,2006,2,,,,,,,,,,,,
Shanxi,2006,2,,,,,,,,,,,,
Sichuan,2006,2,,,,,,,,,,,,
Tianjin,2006,2,,,,,,,,,,,,
Tibet,2006,2,,,,,,,,,,,,
Xinjiang,2006,2,,,,,,,,,,,,
Yunnan,2006,2,,,,,,,,,,,,
Zhejiang,2006,2,,,,,,,,,,,,
Anhui,2007,2,,,,,,,,,,,,
Beijing,2007,2,,,,,,,,,,,,
Chongqing,2007,2,,,,,,,,,,,,
Fujian,2007,2,,,,,,,,,,,,
Gansu,2007,2,,,,,,,,,,,,
Guangdong,2007,2,,,,,,,,,,,,
Guangxi,2007,2,,,,,,,,,,,,
Guizhou,2007,2,,,,,,,,,,,,
Hainan,2007,2,,,,,,,,,,,,
Hebei,2007,2,,,,,,,,,,,,
Heilongjiang,2007,2,,,,,,,,,,,,
Henan,2007,2,,,,,,,,,,,,
Hubei,2007,2,,,,,,,,,,,,
Hunan,2007,2,,,,,,,,,,,,
Inner Mongolia,2007,2,,,,,,,,,,,,
Jiangsu,2007,2,,,,,,,,,,,,
Jiangxi,2007,2,,,,,,,,,,,,
Jilin,2007,2,,,,,,,,,,,,
Liaoning,2007,2,,,,,,,,,,,,
Ningxia,2007,2,,,,,,,,,,,,
Qinghai,2007,2,,,,,,,,,,,,
Shaanxi,2007,2,,,,,,,,,,,,
Shandong,2007,2,,,,,,,,,,,,
Shanghai,2007,2,,,,,,,,,,,,
Shanxi,2007,2,,,,,,,,,,,,
Sichuan,2007,2,,,,,,,,,,,,
Tianjin,2007,2,,,,,,,,,,,,
Tibet,2007,2,,,,,,,,,,,,
Xinjiang,2007,2,,,,,,,,,,,,
Yunnan,2007,2,,,,,,,,,,,,
Zhejiang,2007,2,,,,,,,,,,,,
Anhui,2008,2,,,,,,,,,,,,
Beijing,2008,2,,,,,,,,,,,,
Chongqing,2008,2,,,,,,,,,,,,
Fujian,2008,2,,,,,,,,,,,,
Gansu,2008,2,,,,,,,,,,,,
Guangdong,2008,2,,,,,,,,,,,,
Guangxi,2008,2,,,,,,,,,,,,
Guizhou,2008,2,,,,,,,,,,,,
Hainan,2008,2,,,,,,,,,,,,
Hebei,2008,2,,,,,,,,,,,,
Heilongjiang,2008,2,,,,,,,,,,,,
Henan,2008,2,,,,,,,,,,,,
Hubei,2008,2,,,,,,,,,,,,
Hunan,2008,2,,,,,,,,,,,,
Inner Mongolia,2008,2,,,,,,,,,,,,
Jiangsu,2008,2,,,,,,,,,,,,
Jiangxi,2008,2,,,,,,,,,,,,
Jilin,2008,2,,,,,,,,,,,,
Liaoning,2008,2,,,,,,,,,,,,
Ningxia,2008,2,,,,,,,,,,,,
Qinghai,2008,2,,,,,,,,,,,,
Shaanxi,2008,2,,,,,,,,,,,,
Shandong,2008,2,,,,,,,,,,,,
Shanghai,2008,2,,,,,,,,,,,,
Shanxi,2008,2,,,,,,,,,,,,
Sichuan,2008,2,,,,,,,,,,,,
Tianjin,2008,2,,,,,,,,,,,,
Tibet,2008,2,,,,,,,,,,,,
Xinjiang,2008,2,,,,,,,,,,,,
Yunnan,2008,2,,,,,,,,,,,,
Zhejiang,2008,2,,,,,,,,,,,,
Anhui,2009,2,,,,,,,,,,,,
Beijing,2009,2,,,,,,,,,,,,
Chongqing,2009,2,,,,,,,,,,,,
Fujian,2009,2,,,,,,,,,,,,
Gansu,2009,2,,,,,,,,,,,,
Guangdong,2009,2,,,,,,,,,,,,
Guangxi,2009,2,,,,,,,,,,,,
Guizhou,2009,2,,,,,,,,,,,,
Hainan,2009,2,,,,,,,,,,,,
Hebei,2009,2,,,,,,,,,,,,
Heilongjiang,2009,2,,,,,,,,,,,,
Henan,2009,2,,,,,,,,,,,,
Hubei,2009,2,,,,,,,,,,,,
Hunan,2009,2,,,,,,,,,,,,
Inner Mongolia,2009,2,,,,,,,,,,,,
Jiangsu,2009,2,,,,,,,,,,,,
Jiangxi,2009,2,,,,,,,,,,,,
Jilin,2009,2,,,,,,,,,,,,
Liaoning,2009,2,,,,,,,,,,,,
Ningxia,2009,2,,,,,,,,,,,,
Qinghai,2009,2,,,,,,,,,,,,
Shaanxi,2009,2,,,,,,,,,,,,
Shandong,2009,2,,,,,,,,,,,,
Shanghai,2009,2,,,,,,,,,,,,
Shanxi,2009,2,,,,,,,,,,,,
Sichuan,2009,2,,,,,,,,,,,,
Tianjin,2009,2,,,,,,,,,,,,
Tibet,2009,2,,,,,,,,,,,,
Xinjiang,2009,2,,,,,,,,,,,,
Yunnan,2009,2,,,,,,,,,,,,
Zhejiang,2009,2,,,,,,,,,,,,
Anhui,2010,2,,,,,,,,,,,,
Beijing,2010,2,,,,,,,,,,,,
Chongqing,2010,2,,,,,,,,,,,,
Fujian,2010,2,,,,,,,,,,,,
Gansu,2010,2,,,,,,,,,,,,
Guangdong,2010,2,,,,,,,,,,,,
Guangxi,2010,2,,,,,,,,,,,,
Guizhou,2010,2,,,,,,,,,,,,
Hainan,2010,2,,,,,,,,,,,,
Hebei,2010,2,,,,,,,,,,,,
Heilongjiang,2010,2,,,,,,,,,,,,
Henan,2010,2,,,,,,,,,,,,
Hubei,2010,2,,,,,,,,,,,,
Hunan,2010,2,,,,,,,,,,,,
Inner Mongolia,2010,2,,,,,,,,,,,,
Jiangsu,2010,2,,,,,,,,,,,,
Jiangxi,2010,2,,,,,,,,,,,,
Jilin,2010,2,,,,,,,,,,,,
Liaoning,2010,2,,,,,,,,,,,,
Ningxia,2010,2,,,,,,,,,,,,
Qinghai,2010,2,,,,,,,,,,,,
Shaanxi,2010,2,,,,,,,,,,,,
Shandong,2010,2,,,,,,,,,,,,
Shanghai,2010,2,,,,,,,,,,,,
Shanxi,2010,2,,,,,,,,,,,,
Sichuan,2010,2,,,,,,,,,,,,
Tianjin,2010,2,,,,,,,,,,,,
Tibet,2010,2,,,,,,,,,,,,
Xinjiang,2010,2,,,,,,,,,,,,
Yunnan,2010,2,,,,,,,,,,,,
Zhejiang,2010,2,,,,,,,,,,,,
Anhui,2011,2,,,,,,,,,,,,
Beijing,2011,2,,,,,,,,,,,,
Chongqing,2011,2,,,,,,,,,,,,
Fujian,2011,2,,,,,,,,,,,,
Gansu,2011,2,,,,,,,,,,,,
Guangdong,2011,2,,,,,,,,,,,,
Guangxi,2011,2,,,,,,,,,,,,
Guizhou,2011,2,,,,,,,,,,,,
Hainan,2011,2,,,,,,,,,,,,
Hebei,2011,2,,,,,,,,,,,,
Heilongjiang,2011,2,,,,,,,,,,,,
Henan,2011,2,,,,,,,,,,,,
Hubei,2011,2,,,,,,,,,,,,
Hunan,2011,2,,,,,,,,,,,,
Inner Mongolia,2011,2,,,,,,,,,,,,
Jiangsu,2011,2,,,,,,,,,,,,
Jiangxi,2011,2,,,,,,,,,,,,
Jilin,2011,2,,,,,,,,,,,,
Liaoning,2011,2,,,,,,,,,,,,
Ningxia,2011,2,,,,,,,,,,,,
Qinghai,2011,2,,,,,,,,,,,,
Shaanxi,2011,2,,,,,,,,,,,,
Shandong,2011,2,,,,,,,,,,,,
Shanghai,2011,2,,,,,,,,,,,,
Shanxi,2011,2,,,,,,,,,,,,
Sichuan,2011,2,,,,,,,,,,,,
Tianjin,2011,2,,,,,,,,,,,,
Tibet,2011,2,,,,,,,,,,,,
Xinjiang,2011,2,,,,,,,,,,,,
Yunnan,2011,2,,,,,,,,,,,,
Zhejiang,2011,2,,,,,,,,,,,,
Anhui,2012,2,,,,,,,,,,,,
Beijing,2012,2,,,,,,,,,,,,
Chongqing,2012,2,,,,,,,,,,,,
Fujian,2012,2,,,,,,,,,,,,
Gansu,2012,2,,,,,,,,,,,,
Guangdong,2012,2,,,,,,,,,,,,
Guangxi,2012,2,,,,,,,,,,,,
Guizhou,2012,2,,,,,,,,,,,,
Hainan,2012,2,,,,,,,,,,,,
Hebei,2012,2,,,,,,,,,,,,
Heilongjiang,2012,2,,,,,,,,,,,,
Henan,2012,2,,,,,,,,,,,,
Hubei,2012,2,,,,,,,,,,,,
Hunan,2012,2,,,,,,,,,,,,
Inner Mongolia,2012,2,,,,,,,,,,,,
Jiangsu,2012,2,,,,,,,,,,,,
Jiangxi,2012,2,,,,,,,,,,,,
Jilin,2012,2,,,,,,,,,,,,
Liaoning,2012,2,,,,,,,,,,,,
Ningxia,2012,2,,,,,,,,,,,,
Qinghai,2012,2,,,,,,,,,,,,
Shaanxi,2012,2,,,,,,,,,,,,
Shandong,2012,2,,,,,,,,,,,,
Shanghai,2012,2,,,,,,,,,,,,
Shanxi,2012,2,,,,,,,,,,,,
Sichuan,2012,2,,,,,,,,,,,,
Tianjin,2012,2,,,,,,,,,,,,
Tibet,2012,2,,,,,,,,,,,,
Xinjiang,2012,2,,,,,,,,,,,,
Yunnan,2012,2,,,,,,,,,,,,
Zhejiang,2012,2,,,,,,,,,,,,
Anhui,2013,2,,,,,,,,,,,,
Beijing,2013,2,,,,,,,,,,,,
Chongqing,2013,2,,,,,,,,,,,,
Fujian,2013,2,,,,,,,,,,,,
Gansu,2013,2,,,,,,,,,,,,
Guangdong,2013,2,,,,,,,,,,,,
Guangxi,2013,2,,,,,,,,,,,,
Guizhou,2013,2,,,,,,,,,,,,
Hainan,2013,2,,,,,,,,,,,,
Hebei,2013,2,,,,,,,,,,,,
Heilongjiang,2013,2,,,,,,,,,,,,
Henan,2013,2,,,,,,,,,,,,
Hubei,2013,2,,,,,,,,,,,,
Hunan,2013,2,,,,,,,,,,,,
Inner Mongolia,2013,2,,,,,,,,,,,,
Jiangsu,2013,2,,,,,,,,,,,,
Jiangxi,2013,2,,,,,,,,,,,,
Jilin,2013,2,,,,,,,,,,,,
Liaoning,2013,2,,,,,,,,,,,,
Ningxia,2013,2,,,,,,,,,,,,
Qinghai,2013,2,,,,,,,,,,,,
Shaanxi,2013,2,,,,,,,,,,,,
Shandong,2013,2,,,,,,,,,,,,
Shanghai,2013,2,,,,,,,,,,,,
Shanxi,2013,2,,,,,,,,,,,,
Sichuan,2013,2,,,,,,,,,,,,
Tianjin,2013,2,,,,,,,,,,,,
Tibet,2013,2,,,,,,,,,,,,
Xinjiang,2013,2,,,,,,,,,,,,
Yunnan,2013,2,,,,,,,,,,,,
Zhejiang,2013,2,,,,,,,,,,,,
Anhui,2014,2,,,,,,,,,,,,
Beijing,2014,2,,,,,,,,,,,,
Chongqing,2014,2,,,,,,,,,,,,
Fujian,2014,2,,,,,,,,,,,,
Gansu,2014,2,,,,,,,,,,,,
Guangdong,2014,2,,,,,,,,,,,,
Guangxi,2014,2,,,,,,,,,,,,
Guizhou,2014,2,,,,,,,,,,,,
Hainan,2014,2,,,,,,,,,,,,
Hebei,2014,2,,,,,,,,,,,,
Heilongjiang,2014,2,,,,,,,,,,,,
Henan,2014,2,,,,,,,,,,,,
Hubei,2014,2,,,,,,,,,,,,
Hunan,2014,2,,,,,,,,,,,,
Inner Mongolia,2014,2,,,,,,,,,,,,
Jiangsu,2014,2,,,,,,,,,,,,
Jiangxi,2014,2,,,,,,,,,,,,
Jilin,2014,2,,,,,,,,,,,,
Liaoning,2014,2,,,,,,,,,,,,
Ningxia,2014,2,,,,,,,,,,,,
Qinghai,2014,2,,,,,,,,,,,,
Shaanxi,2014,2,,,,,,,,,,,,
Shandong,2014,2,,,,,,,,,,,,
Shanghai,2014,2,,,,,,,,,,,,
Shanxi,2014,2,,,,,,,,,,,,
Sichuan,2014,2,,,,,,,,,,,,
Tianjin,2014,2,,,,,,,,,,,,
Tibet,2014,2,,,,,,,,,,,,
Xinjiang,2014,2,,,,,,,,,,,,
Yunnan,2014,2,,,,,,,,,,,,
Zhejiang,2014,2,,,,,,,,,,,,
Anhui,2015,2,,,,,,,,,,,,
Beijing,2015,2,,,,,,,,,,,,
Chongqing,2015,2,,,,,,,,,,,,
Fujian,2015,2,,,,,,,,,,,,
Gansu,2015,2,,,,,,,,,,,,
Guangdong,2015,2,,,,,,,,,,,,
Guangxi,2015,2,,,,,,,,,,,,
Guizhou,2015,2,,,,,,,,,,,,
Hainan,2015,2,,,,,,,,,,,,
Hebei,2015,2,,,,,,,,,,,,
Heilongjiang,2015,2,,,,,,,,,,,,
Henan,2015,2,,,,,,,,,,,,
Hubei,2015,2,,,,,,,,,,,,
Hunan,2015,2,,,,,,,,,,,,
Inner Mongolia,2015,2,,,,,,,,,,,,
Jiangsu,2015,2,,,,,,,,,,,,
Jiangxi,2015,2,,,,,,,,,,,,
Jilin,2015,2,,,,,,,,,,,,
Liaoning,2015,2,,,,,,,,,,,,
Ningxia,2015,2,,,,,,,,,,,,
Qinghai,2015,2,,,,,,,,,,,,
Shaanxi,2015,2,,,,,,,,,,,,
Shandong,2015,2,,,,,,,,,,,,
Shanghai,2015,2,,,,,,,,,,,,
Shanxi,2015,2,,,,,,,,,,,,
Sichuan,2015,2,,,,,,,,,,,,
Tianjin,2015,2,,,,,,,,,,,,
Tibet,2015,2,,,,,,,,,,,,
Xinjiang,2015,2,,,,,,,,,,,,
Yunnan,2015,2,,,,,,,,,,,,
Zhejiang,2015,2,,,,,,,,,,,,
Anhui,2016,2,,,,,,,,,,,,
Beijing,2016,2,,,,,,,,,,,,
Chongqing,2016,2,,,,,,,,,,,,
Fujian,2016,2,,,,,,,,,,,,
Gansu,2016,2,,,,,,,,,,,,
Guangdong,2016,2,,,,,,,,,,,,
Guangxi,2016,2,,,,,,,,,,,,
Guizhou,2016,2,,,,,,,,,,,,
Hainan,2016,2,,,,,,,,,,,,
Hebei,2016,2,,,,,,,,,,,,
Heilongjiang,2016,2,,,,,,,,,,,,
Henan,2016,2,,,,,,,,,,,,
Hubei,2016,2,,,,,,,,,,,,
Hunan,2016,2,,,,,,,,,,,,
Inner Mongolia,2016,2,,,,,,,,,,,,
Jiangsu,2016,2,,,,,,,,,,,,
Jiangxi,2016,2,,,,,,,,,,,,
Jilin,2016,2,,,,,,,,,,,,
Liaoning,2016,2,,,,,,,,,,,,
Ningxia,2016,2,,,,,,,,,,,,
Qinghai,2016,2,,,,,,,,,,,,
Shaanxi,2016,2,,,,,,,,,,,,
Shandong,2016,2,,,,,,,,,,,,
Shanghai,2016,2,,,,,,,,,,,,
Shanxi,2016,2,,,,,,,,,,,,
Sichuan,2016,2,,,,,,,,,,,,
Tianjin,2016,2,,,,,,,,,,,,
Tibet,2016,2,,,,,,,,,,,,
Xinjiang,2016,2,,,,,,,,,,,,
Yunnan,2016,2,,,,,,,,,,,,
Zhejiang,2016,2,,,,,,,,,,,,
Anhui,2017,2,,,,,,,,,,,,
Beijing,2017,2,,,,,,,,,,,,
Chongqing,2017,2,,,,,,,,,,,,
Fujian,2017,2,,,,,,,,,,,,
Gansu,2017,2,,,,,,,,,,,,
Guangdong,2017,2,,,,,,,,,,,,
Guangxi,2017,2,,,,,,,,,,,,
Guizhou,2017,2,,,,,,,,,,,,
Hainan,2017,2,,,,,,,,,,,,
Hebei,2017,2,,,,,,,,,,,,
Heilongjiang,2017,2,,,,,,,,,,,,
Henan,2017,2,,,,,,,,,,,,
Hubei,2017,2,,,,,,,,,,,,
Hunan,2017,2,,,,,,,,,,,,
Inner Mongolia,2017,2,,,,,,,,,,,,
Jiangsu,2017,2,,,,,,,,,,,,
Jiangxi,2017,2,,,,,,,,,,,,
Jilin,2017,2,,,,,,,,,,,,
Liaoning,2017,2,,,,,,,,,,,,
Ningxia,2017,2,,,,,,,,,,,,
Qinghai,2017,2,,,,,,,,,,,,
Shaanxi,2017,2,,,,,,,,,,,,
Shandong,2017,2,,,,,,,,,,,,
Shanghai,2017,2,,,,,,,,,,,,
Shanxi,2017,2,,,,,,,,,,,,
Sichuan,2017,2,,,,,,,,,,,,
Tianjin,2017,2,,,,,,,,,,,,
Tibet,2017,2,,,,,,,,,,,,
Xinjiang,2017,2,,,,,,,,,,,,
Yunnan,2017,2,,,,,,,,,,,,
Zhejiang,2017,2,,,,,,,,,,,,
Anhui,2018,2,,,,,,,,,,,,
Beijing,2018,2,,,,,,,,,,,,
Chongqing,2018,2,,,,,,,,,,,,
Fujian,2018,2,,,,,,,,,,,,
Gansu,2018,2,,,,,,,,,,,,
Guangdong,2018,2,,,,,,,,,,,,
Guangxi,2018,2,,,,,,,,,,,,
Guizhou,2018,2,,,,,,,,,,,,
Hainan,2018,2,,,,,,,,,,,,
Hebei,2018,2,,,,,,,,,,,,
Heilongjiang,2018,2,,,,,,,,,,,,
Henan,2018,2,,,,,,,,,,,,
Hubei,2018,2,,,,,,,,,,,,
Hunan,2018,2,,,,,,,,,,,,
Inner Mongolia,2018,2,,,,,,,,,,,,
Jiangsu,2018,2,,,,,,,,,,,,
Jiangxi,2018,2,,,,,,,,,,,,
Jilin,2018,2,,,,,,,,,,,,
Liaoning,2018,2,,,,,,,,,,,,
Ningxia,2018,2,,,,,,,,,,,,
Qinghai,2018,2,,,,,,,,,,,,
Shaanxi,2018,2,,,,,,,,,,,,
Shandong,2018,2,,,,,,,,,,,,
Shanghai,2018,2,,,,,,,,,,,,
Shanxi,2018,2,,,,,,,,,,,,
Sichuan,2018,2,,,,,,,,,,,,
Tianjin,2018,2,,,,,,,,,,,,
Tibet,2018,2,,,,,,,,,,,,
Xinjiang,2018,2,,,,,,,,,,,,
Yunnan,2018,2,,,,,,,,,,,,
Zhejiang,2018,2,,,,,,,,,,,,
Anhui,2019,2,,,,,,,,,,,,
Beijing,2019,2,,,,,,,,,,,,
Chongqing,2019,2,,,,,,,,,,,,
Fujian,2019,2,,,,,,,,,,,,
Gansu,2019,2,,,,,,,,,,,,
Guangdong,2019,2,,,,,,,,,,,,
Guangxi,2019,2,,,,,,,,,,,,
Guizhou,2019,2,,,,,,,,,,,,
Hainan,2019,2,,,,,,,,,,,,
Hebei,2019,2,,,,,,,,,,,,
Heilongjiang,2019,2,,,,,,,,,,,,
Henan,2019,2,,,,,,,,,,,,
Hubei,2019,2,,,,,,,,,,,,
Hunan,2019,2,,,,,,,,,,,,
Inner Mongolia,2019,2,,,,,,,,,,,,
Jiangsu,2019,2,,,,,,,,,,,,
Jiangxi,2019,2,,,,,,,,,,,,
Jilin,2019,2,,,,,,,,,,,,
Liaoning,2019,2,,,,,,,,,,,,
Ningxia,2019,2,,,,,,,,,,,,
Qinghai,2019,2,,,,,,,,,,,,
Shaanxi,2019,2,,,,,,,,,,,,
Shandong,2019,2,,,,,,,,,,,,
Shanghai,2019,2,,,,,,,,,,,,
Shanxi,2019,2,,,,,,,,,,,,
Sichuan,2019,2,,,,,,,,,,,,
Tianjin,2019,2,,,,,,,,,,,,
Tibet,2019,2,,,,,,,,,,,,
Xinjiang,2019,2,,,,,,,,,,,,
Yunnan,2019,2,,,,,,,,,,,,
Zhejiang,2019,2,,,,,,,,,,,,
Anhui,2020,2,,,,,,,,,,,,
Beijing,2020,2,,,,,,,,,,,,
Chongqing,2020,2,,,,,,,,,,,,
Fujian,2020,2,,,,,,,,,,,,
Gansu,2020,2,,,,,,,,,,,,
Guangdong,2020,2,,,,,,,,,,,,
Guangxi,2020,2,,,,,,,,,,,,
Guizhou,2020,2,,,,,,,,,,,,
Hainan,2020,2,,,,,,,,,,,,
Hebei,2020,2,,,,,,,,,,,,
Heilongjiang,2020,2,,,,,,,,,,,,
Henan,2020,2,,,,,,,,,,,,
Hubei,2020,2,,,,,,,,,,,,
Hunan,2020,2,,,,,,,,,,,,
Inner Mongolia,2020,2,,,,,,,,,,,,
Jiangsu,2020,2,,,,,,,,,,,,
Jiangxi,2020,2,,,,,,,,,,,,
Jilin,2020,2,,,,,,,,,,,,
Liaoning,2020,2,,,,,,,,,,,,
Ningxia,2020,2,,,,,,,,,,,,
Qinghai,2020,2,,,,,,,,,,,,
Shaanxi,2020,2,,,,,,,,,,,,
Shandong,2020,2,,,,,,,,,,,,
Shanghai,2020,2,,,,,,,,,,,,
Shanxi,2020,2,,,,,,,,,,,,
Sichuan,2020,2,,,,,,,,,,,,
Tianjin,2020,2,,,,,,,,,,,,
Tibet,2020,2,,,,,,,,,,,,
Xinjiang,2020,2,,,,,,,,,,,,
Yunnan,2020,2,,,,,,,,,,,,
Zhejiang,2020,2,,,,,,,,,,,,
Anhui,1998,3,,,,,,,,,,,,
Beijing,1998,3,,,,,,,,,,,,
Chongqing,1998,3,,,,,,,,,,,,
Fujian,1998,3,,,,,,,,,,,,
Gansu,1998,3,,,,,,,,,,,,
Guangdong,1998,3,,,,,,,,,,,,
Guangxi,1998,3,,,,,,,,,,,,
Guizhou,1998,3,,,,,,,,,,,,
Hainan,1998,3,,,,,,,,,,,,
Hebei,1998,3,,,,,,,,,,,,
Heilongjiang,1998,3,,,,,,,,,,,,
Henan,1998,3,,,,,,,,,,,,
Hubei,1998,3,,,,,,,,,,,,
Hunan,1998,3,,,,,,,,,,,,
Inner Mongolia,1998,3,,,,,,,,,,,,
Jiangsu,1998,3,,,,,,,,,,,,
Jiangxi,1998,3,,,,,,,,,,,,
Jilin,1998,3,,,,,,,,,,,,
Liaoning,1998,3,,,,,,,,,,,,
Ningxia,1998,3,,,,,,,,,,,,
Qinghai,1998,3,,,,,,,,,,,,
Shaanxi,1998,3,,,,,,,,,,,,
Shandong,1998,3,,,,,,,,,,,,
Shanghai,1998,3,,,,,,,,,,,,
Shanxi,1998,3,,,,,,,,,,,,
Sichuan,1998,3,,,,,,,,,,,,
Tianjin,1998,3,,,,,,,,,,,,
Tibet,1998,3,,,,,,,,,,,,
Xinjiang,1998,3,,,,,,,,,,,,
Yunnan,1998,3,,,,,,,,,,,,
Zhejiang,1998,3,,,,,,,,,,,,
Anhui,1999,3,,,,,,,,,,,,
Beijing,1999,3,,,,,,,,,,,,
Chongqing,1999,3,,,,,,,,,,,,
Fujian,1999,3,,,,,,,,,,,,
Gansu,1999,3,,,,,,,,,,,,
Guangdong,1999,3,,,,,,,,,,,,
Guangxi,1999,3,,,,,,,,,,,,
Guizhou,1999,3,,,,,,,,,,,,
Hainan,1999,3,,,,,,,,,,,,
Hebei,1999,3,,,,,,,,,,,,
Heilongjiang,1999,3,,,,,,,,,,,,
Henan,1999,3,,,,,,,,,,,,
Hubei,1999,3,,,,,,,,,,,,
Hunan,1999,3,,,,,,,,,,,,
Inner Mongolia,1999,3,,,,,,,,,,,,
Jiangsu,1999,3,,,,,,,,,,,,
Jiangxi,1999,3,,,,,,,,,,,,
Jilin,1999,3,,,,,,,,,,,,
Liaoning,1999,3,,,,,,,,,,,,
Ningxia,1999,3,,,,,,,,,,,,
Qinghai,1999,3,,,,,,,,,,,,
Shaanxi,1999,3,,,,,,,,,,,,
Shandong,1999,3,,,,,,,,,,,,
Shanghai,1999,3,,,,,,,,,,,,
Shanxi,1999,3,,,,,,,,,,,,
Sichuan,1999,3,,,,,,,,,,,,
Tianjin,1999,3,,,,,,,,,,,,
Tibet,1999,3,,,,,,,,,,,,
Xinjiang,1999,3,,,,,,,,,,,,
Yunnan,1999,3,,,,,,,,,,,,
Zhejiang,1999,3,,,,,,,,,,,,
Anhui,2000,3,,,,,,,,,,,,
Beijing,2000,3,,,,,,,,,,,,
Chongqing,2000,3,,,,,,,,,,,,
Fujian,2000,3,,,,,,,,,,,,
Gansu,2000,3,,,,,,,,,,,,
Guangdong,2000,3,,,,,,,,,,,,
Guangxi,2000,3,,,,,,,,,,,,
Guizhou,2000,3,,,,,,,,,,,,
Hainan,2000,3,,,,,,,,,,,,
Hebei,2000,3,,,,,,,,,,,,
Heilongjiang,2000,3,,,,,,,,,,,,
Henan,2000,3,,,,,,,,,,,,
Hubei,2000,3,,,,,,,,,,,,
Hunan,2000,3,,,,,,,,,,,,
Inner Mongolia,2000,3,,,,,,,,,,,,
Jiangsu,2000,3,,,,,,,,,,,,
Jiangxi,2000,3,,,,,,,,,,,,
Jilin,2000,3,,,,,,,,,,,,
Liaoning,2000,3,,,,,,,,,,,,
Ningxia,2000,3,,,,,,,,,,,,
Qinghai,2000,3,,,,,,,,,,,,
Shaanxi,2000,3,,,,,,,,,,,,
Shandong,2000,3,,,,,,,,,,,,
Shanghai,2000,3,,,,,,,,,,,,
Shanxi,2000,3,,,,,,,,,,,,
Sichuan,2000,3,,,,,,,,,,,,
Tianjin,2000,3,,,,,,,,,,,,
Tibet,2000,3,,,,,,,,,,,,
Xinjiang,2000,3,,,,,,,,,,,,
Yunnan,2000,3,,,,,,,,,,,,
Zhejiang,2000,3,,,,,,,,,,,,
Anhui,2001,3,,,,,,,,,,,,
Beijing,2001,3,,,,,,,,,,,,
Chongqing,2001,3,,,,,,,,,,,,
Fujian,2001,3,,,,,,,,,,,,
Gansu,2001,3,,,,,,,,,,,,
Guangdong,2001,3,,,,,,,,,,,,
Guangxi,2001,3,,,,,,,,,,,,
Guizhou,2001,3,,,,,,,,,,,,
Hainan,2001,3,,,,,,,,,,,,
Hebei,2001,3,,,,,,,,,,,,
Heilongjiang,2001,3,,,,,,,,,,,,
Henan,2001,3,,,,,,,,,,,,
Hubei,2001,3,,,,,,,,,,,,
Hunan,2001,3,,,,,,,,,,,,
Inner Mongolia,2001,3,,,,,,,,,,,,
Jiangsu,2001,3,,,,,,,,,,,,
Jiangxi,2001,3,,,,,,,,,,,,
Jilin,2001,3,,,,,,,,,,,,
Liaoning,2001,3,,,,,,,,,,,,
Ningxia,2001,3,,,,,,,,,,,,
Qinghai,2001,3,,,,,,,,,,,,
Shaanxi,2001,3,,,,,,,,,,,,
Shandong,2001,3,,,,,,,,,,,,
Shanghai,2001,3,,,,,,,,,,,,
Shanxi,2001,3,,,,,,,,,,,,
Sichuan,2001,3,,,,,,,,,,,,
Tianjin,2001,3,,,,,,,,,,,,
Tibet,2001,3,,,,,,,,,,,,
Xinjiang,2001,3,,,,,,,,,,,,
Yunnan,2001,3,,,,,,,,,,,,
Zhejiang,2001,3,,,,,,,,,,,,
Anhui,2002,3,,,,,,,,,,,,
Beijing,2002,3,,,,,,,,,,,,
Chongqing,2002,3,,,,,,,,,,,,
Fujian,2002,3,,,,,,,,,,,,
Gansu,2002,3,,,,,,,,,,,,
Guangdong,2002,3,,,,,,,,,,,,
Guangxi,2002,3,,,,,,,,,,,,
Guizhou,2002,3,,,,,,,,,,,,
Hainan,2002,3,,,,,,,,,,,,
Hebei,2002,3,,,,,,,,,,,,
Heilongjiang,2002,3,,,,,,,,,,,,
Henan,2002,3,,,,,,,,,,,,
Hubei,2002,3,,,,,,,,,,,,
Hunan,2002,3,,,,,,,,,,,,
Inner Mongolia,2002,3,,,,,,,,,,,,
Jiangsu,2002,3,,,,,,,,,,,,
Jiangxi,2002,3,,,,,,,,,,,,
Jilin,2002,3,,,,,,,,,,,,
Liaoning,2002,3,,,,,,,,,,,,
Ningxia,2002,3,,,,,,,,,,,,
Qinghai,2002,3,,,,,,,,,,,,
Shaanxi,2002,3,,,,,,,,,,,,
Shandong,2002,3,,,,,,,,,,,,
Shanghai,2002,3,,,,,,,,,,,,
Shanxi,2002,3,,,,,,,,,,,,
Sichuan,2002,3,,,,,,,,,,,,
Tianjin,2002,3,,,,,,,,,,,,
Tibet,2002,3,,,,,,,,,,,,
Xinjiang,2002,3,,,,,,,,,,,,
Yunnan,2002,3,,,,,,,,,,,,
Zhejiang,2002,3,,,,,,,,,,,,
Anhui,2003,3,,,,,,,,,,,,
Beijing,2003,3,,,,,,,,,,,,
Chongqing,2003,3,,,,,,,,,,,,
Fujian,2003,3,,,,,,,,,,,,
Gansu,2003,3,,,,,,,,,,,,
Guangdong,2003,3,,,,,,,,,,,,
Guangxi,2003,3,,,,,,,,,,,,
Guizhou,2003,3,,,,,,,,,,,,
Hainan,2003,3,,,,,,,,,,,,
Hebei,2003,3,,,,,,,,,,,,
Heilongjiang,2003,3,,,,,,,,,,,,
Henan,2003,3,,,,,,,,,,,,
Hubei,2003,3,,,,,,,,,,,,
Hunan,2003,3,,,,,,,,,,,,
Inner Mongolia,2003,3,,,,,,,,,,,,
Jiangsu,2003,3,,,,,,,,,,,,
Jiangxi,2003,3,,,,,,,,,,,,
Jilin,2003,3,,,,,,,,,,,,
Liaoning,2003,3,,,,,,,,,,,,
Ningxia,2003,3,,,,,,,,,,,,
Qinghai,2003,3,,,,,,,,,,,,
Shaanxi,2003,3,,,,,,,,,,,,
Shandong,2003,3,,,,,,,,,,,,
Shanghai,2003,3,,,,,,,,,,,,
Shanxi,2003,3,,,,,,,,,,,,
Sichuan,2003,3,,,,,,,,,,,,
Tianjin,2003,3,,,,,,,,,,,,
Tibet,2003,3,,,,,,,,,,,,
Xinjiang,2003,3,,,,,,,,,,,,
Yunnan,2003,3,,,,,,,,,,,,
Zhejiang,2003,3,,,,,,,,,,,,
Anhui,2004,3,,,,,,,,,,,,
Beijing,2004,3,,,,,,,,,,,,
Chongqing,2004,3,,,,,,,,,,,,
Fujian,2004,3,,,,,,,,,,,,
Gansu,2004,3,,,,,,,,,,,,
Guangdong,2004,3,,,,,,,,,,,,
Guangxi,2004,3,,,,,,,,,,,,
Guizhou,2004,3,,,,,,,,,,,,
Hainan,2004,3,,,,,,,,,,,,
Hebei,2004,3,,,,,,,,,,,,
Heilongjiang,2004,3,,,,,,,,,,,,
Henan,2004,3,,,,,,,,,,,,
Hubei,2004,3,,,,,,,,,,,,
Hunan,2004,3,,,,,,,,,,,,
Inner Mongolia,2004,3,,,,,,,,,,,,
Jiangsu,2004,3,,,,,,,,,,,,
Jiangxi,2004,3,,,,,,,,,,,,
Jilin,2004,3,,,,,,,,,,,,
Liaoning,2004,3,,,,,,,,,,,,
Ningxia,2004,3,,,,,,,,,,,,
Qinghai,2004,3,,,,,,,,,,,,
Shaanxi,2004,3,,,,,,,,,,,,
Shandong,2004,3,,,,,,,,,,,,
Shanghai,2004,3,,,,,,,,,,,,
Shanxi,2004,3,,,,,,,,,,,,
Sichuan,2004,3,,,,,,,,,,,,
Tianjin,2004,3,,,,,,,,,,,,
Tibet,2004,3,,,,,,,,,,,,
Xinjiang,2004,3,,,,,,,,,,,,
Yunnan,2004,3,,,,,,,,,,,,
Zhejiang,2004,3,,,,,,,,,,,,
Anhui,2005,3,,,,,,,,,,,,
Beijing,2005,3,,,,,,,,,,,,
Chongqing,2005,3,,,,,,,,,,,,
Fujian,2005,3,,,,,,,,,,,,
Gansu,2005,3,,,,,,,,,,,,
Guangdong,2005,3,,,,,,,,,,,,
Guangxi,2005,3,,,,,,,,,,,,
Guizhou,2005,3,,,,,,,,,,,,
Hainan,2005,3,,,,,,,,,,,,
Hebei,2005,3,,,,,,,,,,,,
Heilongjiang,2005,3,,,,,,,,,,,,
Henan,2005,3,,,,,,,,,,,,
Hubei,2005,3,,,,,,,,,,,,
Hunan,2005,3,,,,,,,,,,,,
Inner Mongolia,2005,3,,,,,,,,,,,,
Jiangsu,2005,3,,,,,,,,,,,,
Jiangxi,2005,3,,,,,,,,,,,,
Jilin,2005,3,,,,,,,,,,,,
Liaoning,2005,3,,,,,,,,,,,,
Ningxia,2005,3,,,,,,,,,,,,
Qinghai,2005,3,,,,,,,,,,,,
Shaanxi,2005,3,,,,,,,,,,,,
Shandong,2005,3,,,,,,,,,,,,
Shanghai,2005,3,,,,,,,,,,,,
Shanxi,2005,3,,,,,,,,,,,,
Sichuan,2005,3,,,,,,,,,,,,
Tianjin,2005,3,,,,,,,,,,,,
Tibet,2005,3,,,,,,,,,,,,
Xinjiang,2005,3,,,,,,,,,,,,
Yunnan,2005,3,,,,,,,,,,,,
Zhejiang,2005,3,,,,,,,,,,,,
Anhui,2006,3,,,,,,,,,,,,
Beijing,2006,3,,,,,,,,,,,,
Chongqing,2006,3,,,,,,,,,,,,
Fujian,2006,3,,,,,,,,,,,,
Gansu,2006,3,,,,,,,,,,,,
Guangdong,2006,3,,,,,,,,,,,,
Guangxi,2006,3,,,,,,,,,,,,
Guizhou,2006,3,,,,,,,,,,,,
Hainan,2006,3,,,,,,,,,,,,
Hebei,2006,3,,,,,,,,,,,,
Heilongjiang,2006,3,,,,,,,,,,,,
Henan,2006,3,,,,,,,,,,,,
Hubei,2006,3,,,,,,,,,,,,
Hunan,2006,3,,,,,,,,,,,,
Inner Mongolia,2006,3,,,,,,,,,,,,
Jiangsu,2006,3,,,,,,,,,,,,
Jiangxi,2006,3,,,,,,,,,,,,
Jilin,2006,3,,,,,,,,,,,,
Liaoning,2006,3,,,,,,,,,,,,
Ningxia,2006,3,,,,,,,,,,,,
Qinghai,2006,3,,,,,,,,,,,,
Shaanxi,2006,3,,,,,,,,,,,,
Shandong,2006,3,,,,,,,,,,,,
Shanghai,2006,3,,,,,,,,,,,,
Shanxi,2006,3,,,,,,,,,,,,
Sichuan,2006,3,,,,,,,,,,,,
Tianjin,2006,3,,,,,,,,,,,,
Tibet,2006,3,,,,,,,,,,,,
Xinjiang,2006,3,,,,,,,,,,,,
Yunnan,2006,3,,,,,,,,,,,,
Zhejiang,2006,3,,,,,,,,,,,,
Anhui,2007,3,,,,,,,,,,,,
Beijing,2007,3,,,,,,,,,,,,
Chongqing,2007,3,,,,,,,,,,,,
Fujian,2007,3,,,,,,,,,,,,
Gansu,2007,3,,,,,,,,,,,,
Guangdong,2007,3,,,,,,,,,,,,
Guangxi,2007,3,,,,,,,,,,,,
Guizhou,2007,3,,,,,,,,,,,,
Hainan,2007,3,,,,,,,,,,,,
Hebei,2007,3,,,,,,,,,,,,
Heilongjiang,2007,3,,,,,,,,,,,,
Henan,2007,3,,,,,,,,,,,,
Hubei,2007,3,,,,,,,,,,,,
Hunan,2007,3,,,,,,,,,,,,
Inner Mongolia,2007,3,,,,,,,,,,,,
Jiangsu,2007,3,,,,,,,,,,,,
Jiangxi,2007,3,,,,,,,,,,,,
Jilin,2007,3,,,,,,,,,,,,
Liaoning,2007,3,,,,,,,,,,,,
Ningxia,2007,3,,,,,,,,,,,,
Qinghai,2007,3,,,,,,,,,,,,
Shaanxi,2007,3,,,,,,,,,,,,
Shandong,2007,3,,,,,,,,,,,,
Shanghai,2007,3,,,,,,,,,,,,
Shanxi,2007,3,,,,,,,,,,,,
Sichuan,2007,3,,,,,,,,,,,,
Tianjin,2007,3,,,,,,,,,,,,
Tibet,2007,3,,,,,,,,,,,,
Xinjiang,2007,3,,,,,,,,,,,,
Yunnan,2007,3,,,,,,,,,,,,
Zhejiang,2007,3,,,,,,,,,,,,
Anhui,2008,3,,,,,,,,,,,,
Beijing,2008,3,,,,,,,,,,,,
Chongqing,2008,3,,,,,,,,,,,,
Fujian,2008,3,,,,,,,,,,,,
Gansu,2008,3,,,,,,,,,,,,
Guangdong,2008,3,,,,,,,,,,,,
Guangxi,2008,3,,,,,,,,,,,,
Guizhou,2008,3,,,,,,,,,,,,
Hainan,2008,3,,,,,,,,,,,,
Hebei,2008,3,,,,,,,,,,,,
Heilongjiang,2008,3,,,,,,,,,,,,
Henan,2008,3,,,,,,,,,,,,
Hubei,2008,3,,,,,,,,,,,,
Hunan,2008,3,,,,,,,,,,,,
Inner Mongolia,2008,3,,,,,,,,,,,,
Jiangsu,2008,3,,,,,,,,,,,,
Jiangxi,2008,3,,,,,,,,,,,,
Jilin,2008,3,,,,,,,,,,,,
Liaoning,2008,3,,,,,,,,,,,,
Ningxia,2008,3,,,,,,,,,,,,
Qinghai,2008,3,,,,,,,,,,,,
Shaanxi,2008,3,,,,,,,,,,,,
Shandong,2008,3,,,,,,,,,,,,
Shanghai,2008,3,,,,,,,,,,,,
Shanxi,2008,3,,,,,,,,,,,,
Sichuan,2008,3,,,,,,,,,,,,
Tianjin,2008,3,,,,,,,,,,,,
Tibet,2008,3,,,,,,,,,,,,
Xinjiang,2008,3,,,,,,,,,,,,
Yunnan,2008,3,,,,,,,,,,,,
Zhejiang,2008,3,,,,,,,,,,,,
Anhui,2009,3,,,,,,,,,,,,
Beijing,2009,3,,,,,,,,,,,,
Chongqing,2009,3,,,,,,,,,,,,
Fujian,2009,3,,,,,,,,,,,,
Gansu,2009,3,,,,,,,,,,,,
Guangdong,2009,3,,,,,,,,,,,,
Guangxi,2009,3,,,,,,,,,,,,
Guizhou,2009,3,,,,,,,,,,,,
Hainan,2009,3,,,,,,,,,,,,
Hebei,2009,3,,,,,,,,,,,,
Heilongjiang,2009,3,,,,,,,,,,,,
Henan,2009,3,,,,,,,,,,,,
Hubei,2009,3,,,,,,,,,,,,
Hunan,2009,3,,,,,,,,,,,,
Inner Mongolia,2009,3,,,,,,,,,,,,
Jiangsu,2009,3,,,,,,,,,,,,
Jiangxi,2009,3,,,,,,,,,,,,
Jilin,2009,3,,,,,,,,,,,,
Liaoning,2009,3,,,,,,,,,,,,
Ningxia,2009,3,,,,,,,,,,,,
Qinghai,2009,3,,,,,,,,,,,,
Shaanxi,2009,3,,,,,,,,,,,,
Shandong,2009,3,,,,,,,,,,,,
Shanghai,2009,3,,,,,,,,,,,,
Shanxi,2009,3,,,,,,,,,,,,
Sichuan,2009,3,,,,,,,,,,,,
Tianjin,2009,3,,,,,,,,,,,,
Tibet,2009,3,,,,,,,,,,,,
Xinjiang,2009,3,,,,,,,,,,,,
Yunnan,2009,3,,,,,,,,,,,,
Zhejiang,2009,3,,,,,,,,,,,,
Anhui,2010,3,,,,,,,,,,,,
Beijing,2010,3,,,,,,,,,,,,
Chongqing,2010,3,,,,,,,,,,,,
Fujian,2010,3,,,,,,,,,,,,
Gansu,2010,3,,,,,,,,,,,,
Guangdong,2010,3,,,,,,,,,,,,
Guangxi,2010,3,,,,,,,,,,,,
Guizhou,2010,3,,,,,,,,,,,,
Hainan,2010,3,,,,,,,,,,,,
Hebei,2010,3,,,,,,,,,,,,
Heilongjiang,2010,3,,,,,,,,,,,,
Henan,2010,3,,,,,,,,,,,,
Hubei,2010,3,,,,,,,,,,,,
Hunan,2010,3,,,,,,,,,,,,
Inner Mongolia,2010,3,,,,,,,,,,,,
Jiangsu,2010,3,,,,,,,,,,,,
Jiangxi,2010,3,,,,,,,,,,,,
Jilin,2010,3,,,,,,,,,,,,
Liaoning,2010,3,,,,,,,,,,,,
Ningxia,2010,3,,,,,,,,,,,,
Qinghai,2010,3,,,,,,,,,,,,
Shaanxi,2010,3,,,,,,,,,,,,
Shandong,2010,3,,,,,,,,,,,,
Shanghai,2010,3,,,,,,,,,,,,
Shanxi,2010,3,,,,,,,,,,,,
Sichuan,2010,3,,,,,,,,,,,,
Tianjin,2010,3,,,,,,,,,,,,
Tibet,2010,3,,,,,,,,,,,,
Xinjiang,2010,3,,,,,,,,,,,,
Yunnan,2010,3,,,,,,,,,,,,
Zhejiang,2010,3,,,,,,,,,,,,
Anhui,2011,3,,,,,,,,,,,,
Beijing,2011,3,,,,,,,,,,,,
Chongqing,2011,3,,,,,,,,,,,,
Fujian,2011,3,,,,,,,,,,,,
Gansu,2011,3,,,,,,,,,,,,
Guangdong,2011,3,,,,,,,,,,,,
Guangxi,2011,3,,,,,,,,,,,,
Guizhou,2011,3,,,,,,,,,,,,
Hainan,2011,3,,,,,,,,,,,,
Hebei,2011,3,,,,,,,,,,,,
Heilongjiang,2011,3,,,,,,,,,,,,
Henan,2011,3,,,,,,,,,,,,
Hubei,2011,3,,,,,,,,,,,,
Hunan,2011,3,,,,,,,,,,,,
Inner Mongolia,2011,3,,,,,,,,,,,,
Jiangsu,2011,3,,,,,,,,,,,,
Jiangxi,2011,3,,,,,,,,,,,,
Jilin,2011,3,,,,,,,,,,,,
Liaoning,2011,3,,,,,,,,,,,,
Ningxia,2011,3,,,,,,,,,,,,
Qinghai,2011,3,,,,,,,,,,,,
Shaanxi,2011,3,,,,,,,,,,,,
Shandong,2011,3,,,,,,,,,,,,
Shanghai,2011,3,,,,,,,,,,,,
Shanxi,2011,3,,,,,,,,,,,,
Sichuan,2011,3,,,,,,,,,,,,
Tianjin,2011,3,,,,,,,,,,,,
Tibet,2011,3,,,,,,,,,,,,
Xinjiang,2011,3,,,,,,,,,,,,
Yunnan,2011,3,,,,,,,,,,,,
Zhejiang,2011,3,,,,,,,,,,,,
Anhui,2012,3,,,,,,,,,,,,
Beijing,2012,3,,,,,,,,,,,,
Chongqing,2012,3,,,,,,,,,,,,
Fujian,2012,3,,,,,,,,,,,,
Gansu,2012,3,,,,,,,,,,,,
Guangdong,2012,3,,,,,,,,,,,,
Guangxi,2012,3,,,,,,,,,,,,
Guizhou,2012,3,,,,,,,,,,,,
Hainan,2012,3,,,,,,,,,,,,
Hebei,2012,3,,,,,,,,,,,,
Heilongjiang,2012,3,,,,,,,,,,,,
Henan,2012,3,,,,,,,,,,,,
Hubei,2012,3,,,,,,,,,,,,
Hunan,2012,3,,,,,,,,,,,,
Inner Mongolia,2012,3,,,,,,,,,,,,
Jiangsu,2012,3,,,,,,,,,,,,
Jiangxi,2012,3,,,,,,,,,,,,
Jilin,2012,3,,,,,,,,,,,,
Liaoning,2012,3,,,,,,,,,,,,
Ningxia,2012,3,,,,,,,,,,,,
Qinghai,2012,3,,,,,,,,,,,,
Shaanxi,2012,3,,,,,,,,,,,,
Shandong,2012,3,,,,,,,,,,,,
Shanghai,2012,3,,,,,,,,,,,,
Shanxi,2012,3,,,,,,,,,,,,
Sichuan,2012,3,,,,,,,,,,,,
Tianjin,2012,3,,,,,,,,,,,,
Tibet,2012,3,,,,,,,,,,,,
Xinjiang,2012,3,,,,,,,,,,,,
Yunnan,2012,3,,,,,,,,,,,,
Zhejiang,2012,3,,,,,,,,,,,,
Anhui,2013,3,,,,,,,,,,,,
Beijing,2013,3,,,,,,,,,,,,
Chongqing,2013,3,,,,,,,,,,,,
Fujian,2013,3,,,,,,,,,,,,
Gansu,2013,3,,,,,,,,,,,,
Guangdong,2013,3,,,,,,,,,,,,
Guangxi,2013,3,,,,,,,,,,,,
Guizhou,2013,3,,,,,,,,,,,,
Hainan,2013,3,,,,,,,,,,,,
Hebei,2013,3,,,,,,,,,,,,
Heilongjiang,2013,3,,,,,,,,,,,,
Henan,2013,3,,,,,,,,,,,,
Hubei,2013,3,,,,,,,,,,,,
Hunan,2013,3,,,,,,,,,,,,
Inner Mongolia,2013,3,,,,,,,,,,,,
Jiangsu,2013,3,,,,,,,,,,,,
Jiangxi,2013,3,,,,,,,,,,,,
Jilin,2013,3,,,,,,,,,,,,
Liaoning,2013,3,,,,,,,,,,,,
Ningxia,2013,3,,,,,,,,,,,,
Qinghai,2013,3,,,,,,,,,,,,
Shaanxi,2013,3,,,,,,,,,,,,
Shandong,2013,3,,,,,,,,,,,,
Shanghai,2013,3,,,,,,,,,,,,
Shanxi,2013,3,,,,,,,,,,,,
Sichuan,2013,3,,,,,,,,,,,,
Tianjin,2013,3,,,,,,,,,,,,
Tibet,2013,3,,,,,,,,,,,,
Xinjiang,2013,3,,,,,,,,,,,,
Yunnan,2013,3,,,,,,,,,,,,
Zhejiang,2013,3,,,,,,,,,,,,
Anhui,2014,3,,,,,,,,,,,,
Beijing,2014,3,,,,,,,,,,,,
Chongqing,2014,3,,,,,,,,,,,,
Fujian,2014,3,,,,,,,,,,,,
Gansu,2014,3,,,,,,,,,,,,
Guangdong,2014,3,,,,,,,,,,,,
Guangxi,2014,3,,,,,,,,,,,,
Guizhou,2014,3,,,,,,,,,,,,
Hainan,2014,3,,,,,,,,,,,,
Hebei,2014,3,,,,,,,,,,,,
Heilongjiang,2014,3,,,,,,,,,,,,
Henan,2014,3,,,,,,,,,,,,
Hubei,2014,3,,,,,,,,,,,,
Hunan,2014,3,,,,,,,,,,,,
Inner Mongolia,2014,3,,,,,,,,,,,,
Jiangsu,2014,3,,,,,,,,,,,,
Jiangxi,2014,3,,,,,,,,,,,,
Jilin,2014,3,,,,,,,,,,,,
Liaoning,2014,3,,,,,,,,,,,,
Ningxia,2014,3,,,,,,,,,,,,
Qinghai,2014,3,,,,,,,,,,,,
Shaanxi,2014,3,,,,,,,,,,,,
Shandong,2014,3,,,,,,,,,,,,
Shanghai,2014,3,,,,,,,,,,,,
Shanxi,2014,3,,,,,,,,,,,,
Sichuan,2014,3,,,,,,,,,,,,
Tianjin,2014,3,,,,,,,,,,,,
Tibet,2014,3,,,,,,,,,,,,
Xinjiang,2014,3,,,,,,,,,,,,
Yunnan,2014,3,,,,,,,,,,,,
Zhejiang,2014,3,,,,,,,,,,,,
Anhui,2015,3,,,,,,,,,,,,
Beijing,2015,3,,,,,,,,,,,,
Chongqing,2015,3,,,,,,,,,,,,
Fujian,2015,3,,,,,,,,,,,,
Gansu,2015,3,,,,,,,,,,,,
Guangdong,2015,3,,,,,,,,,,,,
Guangxi,2015,3,,,,,,,,,,,,
Guizhou,2015,3,,,,,,,,,,,,
Hainan,2015,3,,,,,,,,,,,,
Hebei,2015,3,,,,,,,,,,,,
Heilongjiang,2015,3,,,,,,,,,,,,
Henan,2015,3,,,,,,,,,,,,
Hubei,2015,3,,,,,,,,,,,,
Hunan,2015,3,,,,,,,,,,,,
Inner Mongolia,2015,3,,,,,,,,,,,,
Jiangsu,2015,3,,,,,,,,,,,,
Jiangxi,2015,3,,,,,,,,,,,,
Jilin,2015,3,,,,,,,,,,,,
Liaoning,2015,3,,,,,,,,,,,,
Ningxia,2015,3,,,,,,,,,,,,
Qinghai,2015,3,,,,,,,,,,,,
Shaanxi,2015,3,,,,,,,,,,,,
Shandong,2015,3,,,,,,,,,,,,
Shanghai,2015,3,,,,,,,,,,,,
Shanxi,2015,3,,,,,,,,,,,,
Sichuan,2015,3,,,,,,,,,,,,
Tianjin,2015,3,,,,,,,,,,,,
Tibet,2015,3,,,,,,,,,,,,
Xinjiang,2015,3,,,,,,,,,,,,
Yunnan,2015,3,,,,,,,,,,,,
Zhejiang,2015,3,,,,,,,,,,,,
Anhui,2016,3,,,,,,,,,,,,
Beijing,2016,3,,,,,,,,,,,,
Chongqing,2016,3,,,,,,,,,,,,
Fujian,2016,3,,,,,,,,,,,,
Gansu,2016,3,,,,,,,,,,,,
Guangdong,2016,3,,,,,,,,,,,,
Guangxi,2016,3,,,,,,,,,,,,
Guizhou,2016,3,,,,,,,,,,,,
Hainan,2016,3,,,,,,,,,,,,
Hebei,2016,3,,,,,,,,,,,,
Heilongjiang,2016,3,,,,,,,,,,,,
Henan,2016,3,,,,,,,,,,,,
Hubei,2016,3,,,,,,,,,,,,
Hunan,2016,3,,,,,,,,,,,,
Inner Mongolia,2016,3,,,,,,,,,,,,
Jiangsu,2016,3,,,,,,,,,,,,
Jiangxi,2016,3,,,,,,,,,,,,
Jilin,2016,3,,,,,,,,,,,,
Liaoning,2016,3,,,,,,,,,,,,
Ningxia,2016,3,,,,,,,,,,,,
Qinghai,2016,3,,,,,,,,,,,,
Shaanxi,2016,3,,,,,,,,,,,,
Shandong,2016,3,,,,,,,,,,,,
Shanghai,2016,3,,,,,,,,,,,,
Shanxi,2016,3,,,,,,,,,,,,
Sichuan,2016,3,,,,,,,,,,,,
Tianjin,2016,3,,,,,,,,,,,,
Tibet,2016,3,,,,,,,,,,,,
Xinjiang,2016,3,,,,,,,,,,,,
Yunnan,2016,3,,,,,,,,,,,,
Zhejiang,2016,3,,,,,,,,,,,,
Anhui,2017,3,,,,,,,,,,,,
Beijing,2017,3,,,,,,,,,,,,
Chongqing,2017,3,,,,,,,,,,,,
Fujian,2017,3,,,,,,,,,,,,
Gansu,2017,3,,,,,,,,,,,,
Guangdong,2017,3,,,,,,,,,,,,
Guangxi,2017,3,,,,,,,,,,,,
Guizhou,2017,3,,,,,,,,,,,,
Hainan,2017,3,,,,,,,,,,,,
Hebei,2017,3,,,,,,,,,,,,
Heilongjiang,2017,3,,,,,,,,,,,,
Henan,2017,3,,,,,,,,,,,,
Hubei,2017,3,,,,,,,,,,,,
Hunan,2017,3,,,,,,,,,,,,
Inner Mongolia,2017,3,,,,,,,,,,,,
Jiangsu,2017,3,,,,,,,,,,,,
Jiangxi,2017,3,,,,,,,,,,,,
Jilin,2017,3,,,,,,,,,,,,
Liaoning,2017,3,,,,,,,,,,,,
Ningxia,2017,3,,,,,,,,,,,,
Qinghai,2017,3,,,,,,,,,,,,
Shaanxi,2017,3,,,,,,,,,,,,
Shandong,2017,3,,,,,,,,,,,,
Shanghai,2017,3,,,,,,,,,,,,
Shanxi,2017,3,,,,,,,,,,,,
Sichuan,2017,3,,,,,,,,,,,,
Tianjin,2017,3,,,,,,,,,,,,
Tibet,2017,3,,,,,,,,,,,,
Xinjiang,2017,3,,,,,,,,,,,,
Yunnan,2017,3,,,,,,,,,,,,
Zhejiang,2017,3,,,,,,,,,,,,
Anhui,2018,3,,,,,,,,,,,,
Beijing,2018,3,,,,,,,,,,,,
Chongqing,2018,3,,,,,,,,,,,,
Fujian,2018,3,,,,,,,,,,,,
Gansu,2018,3,,,,,,,,,,,,
Guangdong,2018,3,,,,,,,,,,,,
Guangxi,2018,3,,,,,,,,,,,,
Guizhou,2018,3,,,,,,,,,,,,
Hainan,2018,3,,,,,,,,,,,,
Hebei,2018,3,,,,,,,,,,,,
Heilongjiang,2018,3,,,,,,,,,,,,
Henan,2018,3,,,,,,,,,,,,
Hubei,2018,3,,,,,,,,,,,,
Hunan,2018,3,,,,,,,,,,,,
Inner Mongolia,2018,3,,,,,,,,,,,,
Jiangsu,2018,3,,,,,,,,,,,,
Jiangxi,2018,3,,,,,,,,,,,,
Jilin,2018,3,,,,,,,,,,,,
Liaoning,2018,3,,,,,,,,,,,,
Ningxia,2018,3,,,,,,,,,,,,
Qinghai,2018,3,,,,,,,,,,,,
Shaanxi,2018,3,,,,,,,,,,,,
Shandong,2018,3,,,,,,,,,,,,
Shanghai,2018,3,,,,,,,,,,,,
Shanxi,2018,3,,,,,,,,,,,,
Sichuan,2018,3,,,,,,,,,,,,
Tianjin,2018,3,,,,,,,,,,,,
Tibet,2018,3,,,,,,,,,,,,
Xinjiang,2018,3,,,,,,,,,,,,
Yunnan,2018,3,,,,,,,,,,,,
Zhejiang,2018,3,,,,,,,,,,,,
Anhui,2019,3,,,,,,,,,,,,
Beijing,2019,3,,,,,,,,,,,,
Chongqing,2019,3,,,,,,,,,,,,
Fujian,2019,3,,,,,,,,,,,,
Gansu,2019,3,,,,,,,,,,,,
Guangdong,2019,3,,,,,,,,,,,,
Guangxi,2019,3,,,,,,,,,,,,
Guizhou,2019,3,,,,,,,,,,,,
Hainan,2019,3,,,,,,,,,,,,
Hebei,2019,3,,,,,,,,,,,,
Heilongjiang,2019,3,,,,,,,,,,,,
Henan,2019,3,,,,,,,,,,,,
Hubei,2019,3,,,,,,,,,,,,
Hunan,2019,3,,,,,,,,,,,,
Inner Mongolia,2019,3,,,,,,,,,,,,
Jiangsu,2019,3,,,,,,,,,,,,
Jiangxi,2019,3,,,,,,,,,,,,
Jilin,2019,3,,,,,,,,,,,,
Liaoning,2019,3,,,,,,,,,,,,
Ningxia,2019,3,,,,,,,,,,,,
Qinghai,2019,3,,,,,,,,,,,,
Shaanxi,2019,3,,,,,,,,,,,,
Shandong,2019,3,,,,,,,,,,,,
Shanghai,2019,3,,,,,,,,,,,,
Shanxi,2019,3,,,,,,,,,,,,
Sichuan,2019,3,,,,,,,,,,,,
Tianjin,2019,3,,,,,,,,,,,,
Tibet,2019,3,,,,,,,,,,,,
Xinjiang,2019,3,,,,,,,,,,,,
Yunnan,2019,3,,,,,,,,,,,,
Zhejiang,2019,3,,,,,,,,,,,,
Anhui,2020,3,,,,,,,,,,,,
Beijing,2020,3,,,,,,,,,,,,
Chongqing,2020,3,,,,,,,,,,,,
Fujian,2020,3,,,,,,,,,,,,
Gansu,2020,3,,,,,,,,,,,,
Guangdong,2020,3,,,,,,,,,,,,
Guangxi,2020,3,,,,,,,,,,,,
Guizhou,2020,3,,,,,,,,,,,,
Hainan,2020,3,,,,,,,,,,,,
Hebei,2020,3,,,,,,,,,,,,
Heilongjiang,2020,3,,,,,,,,,,,,
Henan,2020,3,,,,,,,,,,,,
Hubei,2020,3,,,,,,,,,,,,
Hunan,2020,3,,,,,,,,,,,,
Inner Mongolia,2020,3,,,,,,,,,,,,
Jiangsu,2020,3,,,,,,,,,,,,
Jiangxi,2020,3,,,,,,,,,,,,
Jilin,2020,3,,,,,,,,,,,,
Liaoning,2020,3,,,,,,,,,,,,
Ningxia,2020,3,,,,,,,,,,,,
Qinghai,2020,3,,,,,,,,,,,,
Shaanxi,2020,3,,,,,,,,,,,,
Shandong,2020,3,,,,,,,,,,,,
Shanghai,2020,3,,,,,,,,,,,,
Shanxi,2020,3,,,,,,,,,,,,
Sichuan,2020,3,,,,,,,,,,,,
Tianjin,2020,3,,,,,,,,,,,,
Tibet,2020,3,,,,,,,,,,,,
Xinjiang,2020,3,,,,,,,,,,,,
Yunnan,2020,3,,,,,,,,,,,,
Zhejiang,2020,3,,,,,,,,,,,,
Anhui,1998,4,,,,,,,,,,,,
Beijing,1998,4,,,,,,,,,,,,
Chongqing,1998,4,,,,,,,,,,,,
Fujian,1998,4,,,,,,,,,,,,
Gansu,1998,4,,,,,,,,,,,,
Guangdong,1998,4,,,,,,,,,,,,
Guangxi,1998,4,,,,,,,,,,,,
Guizhou,1998,4,,,,,,,,,,,,
Hainan,1998,4,,,,,,,,,,,,
Hebei,1998,4,,,,,,,,,,,,
Heilongjiang,1998,4,,,,,,,,,,,,
Henan,1998,4,,,,,,,,,,,,
Hubei,1998,4,,,,,,,,,,,,
Hunan,1998,4,,,,,,,,,,,,
Inner Mongolia,1998,4,,,,,,,,,,,,
Jiangsu,1998,4,,,,,,,,,,,,
Jiangxi,1998,4,,,,,,,,,,,,
Jilin,1998,4,,,,,,,,,,,,
Liaoning,1998,4,,,,,,,,,,,,
Ningxia,1998,4,,,,,,,,,,,,
Qinghai,1998,4,,,,,,,,,,,,
Shaanxi,1998,4,,,,,,,,,,,,
Shandong,1998,4,,,,,,,,,,,,
Shanghai,1998,4,,,,,,,,,,,,
Shanxi,1998,4,,,,,,,,,,,,
Sichuan,1998,4,,,,,,,,,,,,
Tianjin,1998,4,,,,,,,,,,,,
Tibet,1998,4,,,,,,,,,,,,
Xinjiang,1998,4,,,,,,,,,,,,
Yunnan,1998,4,,,,,,,,,,,,
Zhejiang,1998,4,,,,,,,,,,,,
Anhui,1999,4,,,,,,,,,,,,
Beijing,1999,4,,,,,,,,,,,,
Chongqing,1999,4,,,,,,,,,,,,
Fujian,1999,4,,,,,,,,,,,,
Gansu,1999,4,,,,,,,,,,,,
Guangdong,1999,4,,,,,,,,,,,,
Guangxi,1999,4,,,,,,,,,,,,
Guizhou,1999,4,,,,,,,,,,,,
Hainan,1999,4,,,,,,,,,,,,
Hebei,1999,4,,,,,,,,,,,,
Heilongjiang,1999,4,,,,,,,,,,,,
Henan,1999,4,,,,,,,,,,,,
Hubei,1999,4,,,,,,,,,,,,
Hunan,1999,4,,,,,,,,,,,,
Inner Mongolia,1999,4,,,,,,,,,,,,
Jiangsu,1999,4,,,,,,,,,,,,
Jiangxi,1999,4,,,,,,,,,,,,
Jilin,1999,4,,,,,,,,,,,,
Liaoning,1999,4,,,,,,,,,,,,
Ningxia,1999,4,,,,,,,,,,,,
Qinghai,1999,4,,,,,,,,,,,,
Shaanxi,1999,4,,,,,,,,,,,,
Shandong,1999,4,,,,,,,,,,,,
Shanghai,1999,4,,,,,,,,,,,,
Shanxi,1999,4,,,,,,,,,,,,
Sichuan,1999,4,,,,,,,,,,,,
Tianjin,1999,4,,,,,,,,,,,,
Tibet,1999,4,,,,,,,,,,,,
Xinjiang,1999,4,,,,,,,,,,,,
Yunnan,1999,4,,,,,,,,,,,,
Zhejiang,1999,4,,,,,,,,,,,,
Anhui,2000,4,,,,,,,,,,,,
Beijing,2000,4,,,,,,,,,,,,
Chongqing,2000,4,,,,,,,,,,,,
Fujian,2000,4,,,,,,,,,,,,
Gansu,2000,4,,,,,,,,,,,,
Guangdong,2000,4,,,,,,,,,,,,
Guangxi,2000,4,,,,,,,,,,,,
Guizhou,2000,4,,,,,,,,,,,,
Hainan,2000,4,,,,,,,,,,,,
Hebei,2000,4,,,,,,,,,,,,
Heilongjiang,2000,4,,,,,,,,,,,,
Henan,2000,4,,,,,,,,,,,,
Hubei,2000,4,,,,,,,,,,,,
Hunan,2000,4,,,,,,,,,,,,
Inner Mongolia,2000,4,,,,,,,,,,,,
Jiangsu,2000,4,,,,,,,,,,,,
Jiangxi,2000,4,,,,,,,,,,,,
Jilin,2000,4,,,,,,,,,,,,
Liaoning,2000,4,,,,,,,,,,,,
Ningxia,2000,4,,,,,,,,,,,,
Qinghai,2000,4,,,,,,,,,,,,
Shaanxi,2000,4,,,,,,,,,,,,
Shandong,2000,4,,,,,,,,,,,,
Shanghai,2000,4,,,,,,,,,,,,
Shanxi,2000,4,,,,,,,,,,,,
Sichuan,2000,4,,,,,,,,,,,,
Tianjin,2000,4,,,,,,,,,,,,
Tibet,2000,4,,,,,,,,,,,,
Xinjiang,2000,4,,,,,,,,,,,,
Yunnan,2000,4,,,,,,,,,,,,
Zhejiang,2000,4,,,,,,,,,,,,
Anhui,2001,4,,,,,,,,,,,,
Beijing,2001,4,,,,,,,,,,,,
Chongqing,2001,4,,,,,,,,,,,,
Fujian,2001,4,,,,,,,,,,,,
Gansu,2001,4,,,,,,,,,,,,
Guangdong,2001,4,,,,,,,,,,,,
Guangxi,2001,4,,,,,,,,,,,,
Guizhou,2001,4,,,,,,,,,,,,
Hainan,2001,4,,,,,,,,,,,,
Hebei,2001,4,,,,,,,,,,,,
Heilongjiang,2001,4,,,,,,,,,,,,
Henan,2001,4,,,,,,,,,,,,
Hubei,2001,4,,,,,,,,,,,,
Hunan,2001,4,,,,,,,,,,,,
Inner Mongolia,2001,4,,,,,,,,,,,,
Jiangsu,2001,4,,,,,,,,,,,,
Jiangxi,2001,4,,,,,,,,,,,,
Jilin,2001,4,,,,,,,,,,,,
Liaoning,2001,4,,,,,,,,,,,,
Ningxia,2001,4,,,,,,,,,,,,
Qinghai,2001,4,,,,,,,,,,,,
Shaanxi,2001,4,,,,,,,,,,,,
Shandong,2001,4,,,,,,,,,,,,
Shanghai,2001,4,,,,,,,,,,,,
Shanxi,2001,4,,,,,,,,,,,,
Sichuan,2001,4,,,,,,,,,,,,
Tianjin,2001,4,,,,,,,,,,,,
Tibet,2001,4,,,,,,,,,,,,
Xinjiang,2001,4,,,,,,,,,,,,
Yunnan,2001,4,,,,,,,,,,,,
Zhejiang,2001,4,,,,,,,,,,,,
Anhui,2002,4,,,,,,,,,,,,
Beijing,2002,4,,,,,,,,,,,,
Chongqing,2002,4,,,,,,,,,,,,
Fujian,2002,4,,,,,,,,,,,,
Gansu,2002,4,,,,,,,,,,,,
Guangdong,2002,4,,,,,,,,,,,,
Guangxi,2002,4,,,,,,,,,,,,
Guizhou,2002,4,,,,,,,,,,,,
Hainan,2002,4,,,,,,,,,,,,
Hebei,2002,4,,,,,,,,,,,,
Heilongjiang,2002,4,,,,,,,,,,,,
Henan,2002,4,,,,,,,,,,,,
Hubei,2002,4,,,,,,,,,,,,
Hunan,2002,4,,,,,,,,,,,,
Inner Mongolia,2002,4,,,,,,,,,,,,
Jiangsu,2002,4,,,,,,,,,,,,
Jiangxi,2002,4,,,,,,,,,,,,
Jilin,2002,4,,,,,,,,,,,,
Liaoning,2002,4,,,,,,,,,,,,
Ningxia,2002,4,,,,,,,,,,,,
Qinghai,2002,4,,,,,,,,,,,,
Shaanxi,2002,4,,,,,,,,,,,,
Shandong,2002,4,,,,,,,,,,,,
Shanghai,2002,4,,,,,,,,,,,,
Shanxi,2002,4,,,,,,,,,,,,
Sichuan,2002,4,,,,,,,,,,,,
Tianjin,2002,4,,,,,,,,,,,,
Tibet,2002,4,,,,,,,,,,,,
Xinjiang,2002,4,,,,,,,,,,,,
Yunnan,2002,4,,,,,,,,,,,,
Zhejiang,2002,4,,,,,,,,,,,,
Anhui,2003,4,,,,,,,,,,,,
Beijing,2003,4,,,,,,,,,,,,
Chongqing,2003,4,,,,,,,,,,,,
Fujian,2003,4,,,,,,,,,,,,
Gansu,2003,4,,,,,,,,,,,,
Guangdong,2003,4,,,,,,,,,,,,
Guangxi,2003,4,,,,,,,,,,,,
Guizhou,2003,4,,,,,,,,,,,,
Hainan,2003,4,,,,,,,,,,,,
Hebei,2003,4,,,,,,,,,,,,
Heilongjiang,2003,4,,,,,,,,,,,,
Henan,2003,4,,,,,,,,,,,,
Hubei,2003,4,,,,,,,,,,,,
Hunan,2003,4,,,,,,,,,,,,
Inner Mongolia,2003,4,,,,,,,,,,,,
Jiangsu,2003,4,,,,,,,,,,,,
Jiangxi,2003,4,,,,,,,,,,,,
Jilin,2003,4,,,,,,,,,,,,
Liaoning,2003,4,,,,,,,,,,,,
Ningxia,2003,4,,,,,,,,,,,,
Qinghai,2003,4,,,,,,,,,,,,
Shaanxi,2003,4,,,,,,,,,,,,
Shandong,2003,4,,,,,,,,,,,,
Shanghai,2003,4,,,,,,,,,,,,
Shanxi,2003,4,,,,,,,,,,,,
Sichuan,2003,4,,,,,,,,,,,,
Tianjin,2003,4,,,,,,,,,,,,
Tibet,2003,4,,,,,,,,,,,,
Xinjiang,2003,4,,,,,,,,,,,,
Yunnan,2003,4,,,,,,,,,,,,
Zhejiang,2003,4,,,,,,,,,,,,
Anhui,2004,4,,,,,,,,,,,,
Beijing,2004,4,,,,,,,,,,,,
Chongqing,2004,4,,,,,,,,,,,,
Fujian,2004,4,,,,,,,,,,,,
Gansu,2004,4,,,,,,,,,,,,
Guangdong,2004,4,,,,,,,,,,,,
Guangxi,2004,4,,,,,,,,,,,,
Guizhou,2004,4,,,,,,,,,,,,
Hainan,2004,4,,,,,,,,,,,,
Hebei,2004,4,,,,,,,,,,,,
Heilongjiang,2004,4,,,,,,,,,,,,
Henan,2004,4,,,,,,,,,,,,
Hubei,2004,4,,,,,,,,,,,,
Hunan,2004,4,,,,,,,,,,,,
Inner Mongolia,2004,4,,,,,,,,,,,,
Jiangsu,2004,4,,,,,,,,,,,,
Jiangxi,2004,4,,,,,,,,,,,,
Jilin,2004,4,,,,,,,,,,,,
Liaoning,2004,4,,,,,,,,,,,,
Ningxia,2004,4,,,,,,,,,,,,
Qinghai,2004,4,,,,,,,,,,,,
Shaanxi,2004,4,,,,,,,,,,,,
Shandong,2004,4,,,,,,,,,,,,
Shanghai,2004,4,,,,,,,,,,,,
Shanxi,2004,4,,,,,,,,,,,,
Sichuan,2004,4,,,,,,,,,,,,
Tianjin,2004,4,,,,,,,,,,,,
Tibet,2004,4,,,,,,,,,,,,
Xinjiang,2004,4,,,,,,,,,,,,
Yunnan,2004,4,,,,,,,,,,,,
Zhejiang,2004,4,,,,,,,,,,,,
Anhui,2005,4,,,,,,,,,,,,
Beijing,2005,4,,,,,,,,,,,,
Chongqing,2005,4,,,,,,,,,,,,
Fujian,2005,4,,,,,,,,,,,,
Gansu,2005,4,,,,,,,,,,,,
Guangdong,2005,4,,,,,,,,,,,,
Guangxi,2005,4,,,,,,,,,,,,
Guizhou,2005,4,,,,,,,,,,,,
Hainan,2005,4,,,,,,,,,,,,
Hebei,2005,4,,,,,,,,,,,,
Heilongjiang,2005,4,,,,,,,,,,,,
Henan,2005,4,,,,,,,,,,,,
Hubei,2005,4,,,,,,,,,,,,
Hunan,2005,4,,,,,,,,,,,,
Inner Mongolia,2005,4,,,,,,,,,,,,
Jiangsu,2005,4,,,,,,,,,,,,
Jiangxi,2005,4,,,,,,,,,,,,
Jilin,2005,4,,,,,,,,,,,,
Liaoning,2005,4,,,,,,,,,,,,
Ningxia,2005,4,,,,,,,,,,,,
Qinghai,2005,4,,,,,,,,,,,,
Shaanxi,2005,4,,,,,,,,,,,,
Shandong,2005,4,,,,,,,,,,,,
Shanghai,2005,4,,,,,,,,,,,,
Shanxi,2005,4,,,,,,,,,,,,
Sichuan,2005,4,,,,,,,,,,,,
Tianjin,2005,4,,,,,,,,,,,,
Tibet,2005,4,,,,,,,,,,,,
Xinjiang,2005,4,,,,,,,,,,,,
Yunnan,2005,4,,,,,,,,,,,,
Zhejiang,2005,4,,,,,,,,,,,,
Anhui,2006,4,,,,,,,,,,,,
Beijing,2006,4,,,,,,,,,,,,
Chongqing,2006,4,,,,,,,,,,,,
Fujian,2006,4,,,,,,,,,,,,
Gansu,2006,4,,,,,,,,,,,,
Guangdong,2006,4,,,,,,,,,,,,
Guangxi,2006,4,,,,,,,,,,,,
Guizhou,2006,4,,,,,,,,,,,,
Hainan,2006,4,,,,,,,,,,,,
Hebei,2006,4,,,,,,,,,,,,
Heilongjiang,2006,4,,,,,,,,,,,,
Henan,2006,4,,,,,,,,,,,,
Hubei,2006,4,,,,,,,,,,,,
Hunan,2006,4,,,,,,,,,,,,
Inner Mongolia,2006,4,,,,,,,,,,,,
Jiangsu,2006,4,,,,,,,,,,,,
Jiangxi,2006,4,,,,,,,,,,,,
Jilin,2006,4,,,,,,,,,,,,
Liaoning,2006,4,,,,,,,,,,,,
Ningxia,2006,4,,,,,,,,,,,,
Qinghai,2006,4,,,,,,,,,,,,
Shaanxi,2006,4,,,,,,,,,,,,
Shandong,2006,4,,,,,,,,,,,,
Shanghai,2006,4,,,,,,,,,,,,
Shanxi,2006,4,,,,,,,,,,,,
Sichuan,2006,4,,,,,,,,,,,,
Tianjin,2006,4,,,,,,,,,,,,
Tibet,2006,4,,,,,,,,,,,,
Xinjiang,2006,4,,,,,,,,,,,,
Yunnan,2006,4,,,,,,,,,,,,
Zhejiang,2006,4,,,,,,,,,,,,
Anhui,2007,4,,,,,,,,,,,,
Beijing,2007,4,,,,,,,,,,,,
Chongqing,2007,4,,,,,,,,,,,,
Fujian,2007,4,,,,,,,,,,,,
Gansu,2007,4,,,,,,,,,,,,
Guangdong,2007,4,,,,,,,,,,,,
Guangxi,2007,4,,,,,,,,,,,,
Guizhou,2007,4,,,,,,,,,,,,
Hainan,2007,4,,,,,,,,,,,,
Hebei,2007,4,,,,,,,,,,,,
Heilongjiang,2007,4,,,,,,,,,,,,
Henan,2007,4,,,,,,,,,,,,
Hubei,2007,4,,,,,,,,,,,,
Hunan,2007,4,,,,,,,,,,,,
Inner Mongolia,2007,4,,,,,,,,,,,,
Jiangsu,2007,4,,,,,,,,,,,,
Jiangxi,2007,4,,,,,,,,,,,,
Jilin,2007,4,,,,,,,,,,,,
Liaoning,2007,4,,,,,,,,,,,,
Ningxia,2007,4,,,,,,,,,,,,
Qinghai,2007,4,,,,,,,,,,,,
Shaanxi,2007,4,,,,,,,,,,,,
Shandong,2007,4,,,,,,,,,,,,
Shanghai,2007,4,,,,,,,,,,,,
Shanxi,2007,4,,,,,,,,,,,,
Sichuan,2007,4,,,,,,,,,,,,
Tianjin,2007,4,,,,,,,,,,,,
Tibet,2007,4,,,,,,,,,,,,
Xinjiang,2007,4,,,,,,,,,,,,
Yunnan,2007,4,,,,,,,,,,,,
Zhejiang,2007,4,,,,,,,,,,,,
Anhui,2008,4,,,,,,,,,,,,
Beijing,2008,4,,,,,,,,,,,,
Chongqing,2008,4,,,,,,,,,,,,
Fujian,2008,4,,,,,,,,,,,,
Gansu,2008,4,,,,,,,,,,,,
Guangdong,2008,4,,,,,,,,,,,,
Guangxi,2008,4,,,,,,,,,,,,
Guizhou,2008,4,,,,,,,,,,,,
Hainan,2008,4,,,,,,,,,,,,
Hebei,2008,4,,,,,,,,,,,,
Heilongjiang,2008,4,,,,,,,,,,,,
Henan,2008,4,,,,,,,,,,,,
Hubei,2008,4,,,,,,,,,,,,
Hunan,2008,4,,,,,,,,,,,,
Inner Mongolia,2008,4,,,,,,,,,,,,
Jiangsu,2008,4,,,,,,,,,,,,
Jiangxi,2008,4,,,,,,,,,,,,
Jilin,2008,4,,,,,,,,,,,,
Liaoning,2008,4,,,,,,,,,,,,
Ningxia,2008,4,,,,,,,,,,,,
Qinghai,2008,4,,,,,,,,,,,,
Shaanxi,2008,4,,,,,,,,,,,,
Shandong,2008,4,,,,,,,,,,,,
Shanghai,2008,4,,,,,,,,,,,,
Shanxi,2008,4,,,,,,,,,,,,
Sichuan,2008,4,,,,,,,,,,,,
Tianjin,2008,4,,,,,,,,,,,,
Tibet,2008,4,,,,,,,,,,,,
Xinjiang,2008,4,,,,,,,,,,,,
Yunnan,2008,4,,,,,,,,,,,,
Zhejiang,2008,4,,,,,,,,,,,,
Anhui,2009,4,,,,,,,,,,,,
Beijing,2009,4,,,,,,,,,,,,
Chongqing,2009,4,,,,,,,,,,,,
Fujian,2009,4,,,,,,,,,,,,
Gansu,2009,4,,,,,,,,,,,,
Guangdong,2009,4,,,,,,,,,,,,
Guangxi,2009,4,,,,,,,,,,,,
Guizhou,2009,4,,,,,,,,,,,,
Hainan,2009,4,,,,,,,,,,,,
Hebei,2009,4,,,,,,,,,,,,
Heilongjiang,2009,4,,,,,,,,,,,,
Henan,2009,4,,,,,,,,,,,,
Hubei,2009,4,,,,,,,,,,,,
Hunan,2009,4,,,,,,,,,,,,
Inner Mongolia,2009,4,,,,,,,,,,,,
Jiangsu,2009,4,,,,,,,,,,,,
Jiangxi,2009,4,,,,,,,,,,,,
Jilin,2009,4,,,,,,,,,,,,
Liaoning,2009,4,,,,,,,,,,,,
Ningxia,2009,4,,,,,,,,,,,,
Qinghai,2009,4,,,,,,,,,,,,
Shaanxi,2009,4,,,,,,,,,,,,
Shandong,2009,4,,,,,,,,,,,,
Shanghai,2009,4,,,,,,,,,,,,
Shanxi,2009,4,,,,,,,,,,,,
Sichuan,2009,4,,,,,,,,,,,,
Tianjin,2009,4,,,,,,,,,,,,
Tibet,2009,4,,,,,,,,,,,,
Xinjiang,2009,4,,,,,,,,,,,,
Yunnan,2009,4,,,,,,,,,,,,
Zhejiang,2009,4,,,,,,,,,,,,
Anhui,2010,4,,,,,,,,,,,,
Beijing,2010,4,,,,,,,,,,,,
Chongqing,2010,4,,,,,,,,,,,,
Fujian,2010,4,,,,,,,,,,,,
Gansu,2010,4,,,,,,,,,,,,
Guangdong,2010,4,,,,,,,,,,,,
Guangxi,2010,4,,,,,,,,,,,,
Guizhou,2010,4,,,,,,,,,,,,
Hainan,2010,4,,,,,,,,,,,,
Hebei,2010,4,,,,,,,,,,,,
Heilongjiang,2010,4,,,,,,,,,,,,
Henan,2010,4,,,,,,,,,,,,
Hubei,2010,4,,,,,,,,,,,,
Hunan,2010,4,,,,,,,,,,,,
Inner Mongolia,2010,4,,,,,,,,,,,,
Jiangsu,2010,4,,,,,,,,,,,,
Jiangxi,2010,4,,,,,,,,,,,,
Jilin,2010,4,,,,,,,,,,,,
Liaoning,2010,4,,,,,,,,,,,,
Ningxia,2010,4,,,,,,,,,,,,
Qinghai,2010,4,,,,,,,,,,,,
Shaanxi,2010,4,,,,,,,,,,,,
Shandong,2010,4,,,,,,,,,,,,
Shanghai,2010,4,,,,,,,,,,,,
Shanxi,2010,4,,,,,,,,,,,,
Sichuan,2010,4,,,,,,,,,,,,
Tianjin,2010,4,,,,,,,,,,,,
Tibet,2010,4,,,,,,,,,,,,
Xinjiang,2010,4,,,,,,,,,,,,
Yunnan,2010,4,,,,,,,,,,,,
Zhejiang,2010,4,,,,,,,,,,,,
Anhui,2011,4,,,,,,,,,,,,
Beijing,2011,4,,,,,,,,,,,,
Chongqing,2011,4,,,,,,,,,,,,
Fujian,2011,4,,,,,,,,,,,,
Gansu,2011,4,,,,,,,,,,,,
Guangdong,2011,4,,,,,,,,,,,,
Guangxi,2011,4,,,,,,,,,,,,
Guizhou,2011,4,,,,,,,,,,,,
Hainan,2011,4,,,,,,,,,,,,
Hebei,2011,4,,,,,,,,,,,,
Heilongjiang,2011,4,,,,,,,,,,,,
Henan,2011,4,,,,,,,,,,,,
Hubei,2011,4,,,,,,,,,,,,
Hunan,2011,4,,,,,,,,,,,,
Inner Mongolia,2011,4,,,,,,,,,,,,
Jiangsu,2011,4,,,,,,,,,,,,
Jiangxi,2011,4,,,,,,,,,,,,
Jilin,2011,4,,,,,,,,,,,,
Liaoning,2011,4,,,,,,,,,,,,
Ningxia,2011,4,,,,,,,,,,,,
Qinghai,2011,4,,,,,,,,,,,,
Shaanxi,2011,4,,,,,,,,,,,,
Shandong,2011,4,,,,,,,,,,,,
Shanghai,2011,4,,,,,,,,,,,,
Shanxi,2011,4,,,,,,,,,,,,
Sichuan,2011,4,,,,,,,,,,,,
Tianjin,2011,4,,,,,,,,,,,,
Tibet,2011,4,,,,,,,,,,,,
Xinjiang,2011,4,,,,,,,,,,,,
Yunnan,2011,4,,,,,,,,,,,,
Zhejiang,2011,4,,,,,,,,,,,,
Anhui,2012,4,,,,,,,,,,,,
Beijing,2012,4,,,,,,,,,,,,
Chongqing,2012,4,,,,,,,,,,,,
Fujian,2012,4,,,,,,,,,,,,
Gansu,2012,4,,,,,,,,,,,,
Guangdong,2012,4,,,,,,,,,,,,
Guangxi,2012,4,,,,,,,,,,,,
Guizhou,2012,4,,,,,,,,,,,,
Hainan,2012,4,,,,,,,,,,,,
Hebei,2012,4,,,,,,,,,,,,
Heilongjiang,2012,4,,,,,,,,,,,,
Henan,2012,4,,,,,,,,,,,,
Hubei,2012,4,,,,,,,,,,,,
Hunan,2012,4,,,,,,,,,,,,
Inner Mongolia,2012,4,,,,,,,,,,,,
Jiangsu,2012,4,,,,,,,,,,,,
Jiangxi,2012,4,,,,,,,,,,,,
Jilin,2012,4,,,,,,,,,,,,
Liaoning,2012,4,,,,,,,,,,,,
Ningxia,2012,4,,,,,,,,,,,,
Qinghai,2012,4,,,,,,,,,,,,
Shaanxi,2012,4,,,,,,,,,,,,
Shandong,2012,4,,,,,,,,,,,,
Shanghai,2012,4,,,,,,,,,,,,
Shanxi,2012,4,,,,,,,,,,,,
Sichuan,2012,4,,,,,,,,,,,,
Tianjin,2012,4,,,,,,,,,,,,
Tibet,2012,4,,,,,,,,,,,,
Xinjiang,2012,4,,,,,,,,,,,,
Yunnan,2012,4,,,,,,,,,,,,
Zhejiang,2012,4,,,,,,,,,,,,
Anhui,2013,4,,,,,,,,,,,,
Beijing,2013,4,,,,,,,,,,,,
Chongqing,2013,4,,,,,,,,,,,,
Fujian,2013,4,,,,,,,,,,,,
Gansu,2013,4,,,,,,,,,,,,
Guangdong,2013,4,,,,,,,,,,,,
Guangxi,2013,4,,,,,,,,,,,,
Guizhou,2013,4,,,,,,,,,,,,
Hainan,2013,4,,,,,,,,,,,,
Hebei,2013,4,,,,,,,,,,,,
Heilongjiang,2013,4,,,,,,,,,,,,
Henan,2013,4,,,,,,,,,,,,
Hubei,2013,4,,,,,,,,,,,,
Hunan,2013,4,,,,,,,,,,,,
Inner Mongolia,2013,4,,,,,,,,,,,,
Jiangsu,2013,4,,,,,,,,,,,,
Jiangxi,2013,4,,,,,,,,,,,,
Jilin,2013,4,,,,,,,,,,,,
Liaoning,2013,4,,,,,,,,,,,,
Ningxia,2013,4,,,,,,,,,,,,
Qinghai,2013,4,,,,,,,,,,,,
Shaanxi,2013,4,,,,,,,,,,,,
Shandong,2013,4,,,,,,,,,,,,
Shanghai,2013,4,,,,,,,,,,,,
Shanxi,2013,4,,,,,,,,,,,,
Sichuan,2013,4,,,,,,,,,,,,
Tianjin,2013,4,,,,,,,,,,,,
Tibet,2013,4,,,,,,,,,,,,
Xinjiang,2013,4,,,,,,,,,,,,
Yunnan,2013,4,,,,,,,,,,,,
Zhejiang,2013,4,,,,,,,,,,,,
Anhui,2014,4,,,,,,,,,,,,
Beijing,2014,4,,,,,,,,,,,,
Chongqing,2014,4,,,,,,,,,,,,
Fujian,2014,4,,,,,,,,,,,,
Gansu,2014,4,,,,,,,,,,,,
Guangdong,2014,4,,,,,,,,,,,,
Guangxi,2014,4,,,,,,,,,,,,
Guizhou,2014,4,,,,,,,,,,,,
Hainan,2014,4,,,,,,,,,,,,
Hebei,2014,4,,,,,,,,,,,,
Heilongjiang,2014,4,,,,,,,,,,,,
Henan,2014,4,,,,,,,,,,,,
Hubei,2014,4,,,,,,,,,,,,
Hunan,2014,4,,,,,,,,,,,,
Inner Mongolia,2014,4,,,,,,,,,,,,
Jiangsu,2014,4,,,,,,,,,,,,
Jiangxi,2014,4,,,,,,,,,,,,
Jilin,2014,4,,,,,,,,,,,,
Liaoning,2014,4,,,,,,,,,,,,
Ningxia,2014,4,,,,,,,,,,,,
Qinghai,2014,4,,,,,,,,,,,,
Shaanxi,2014,4,,,,,,,,,,,,
Shandong,2014,4,,,,,,,,,,,,
Shanghai,2014,4,,,,,,,,,,,,
Shanxi,2014,4,,,,,,,,,,,,
Sichuan,2014,4,,,,,,,,,,,,
Tianjin,2014,4,,,,,,,,,,,,
Tibet,2014,4,,,,,,,,,,,,
Xinjiang,2014,4,,,,,,,,,,,,
Yunnan,2014,4,,,,,,,,,,,,
Zhejiang,2014,4,,,,,,,,,,,,
Anhui,2015,4,,,,,,,,,,,,
Beijing,2015,4,,,,,,,,,,,,
Chongqing,2015,4,,,,,,,,,,,,
Fujian,2015,4,,,,,,,,,,,,
Gansu,2015,4,,,,,,,,,,,,
Guangdong,2015,4,,,,,,,,,,,,
Guangxi,2015,4,,,,,,,,,,,,
Guizhou,2015,4,,,,,,,,,,,,
Hainan,2015,4,,,,,,,,,,,,
Hebei,2015,4,,,,,,,,,,,,
Heilongjiang,2015,4,,,,,,,,,,,,
Henan,2015,4,,,,,,,,,,,,
Hubei,2015,4,,,,,,,,,,,,
Hunan,2015,4,,,,,,,,,,,,
Inner Mongolia,2015,4,,,,,,,,,,,,
Jiangsu,2015,4,,,,,,,,,,,,
Jiangxi,2015,4,,,,,,,,,,,,
Jilin,2015,4,,,,,,,,,,,,
Liaoning,2015,4,,,,,,,,,,,,
Ningxia,2015,4,,,,,,,,,,,,
Qinghai,2015,4,,,,,,,,,,,,
Shaanxi,2015,4,,,,,,,,,,,,
Shandong,2015,4,,,,,,,,,,,,
Shanghai,2015,4,,,,,,,,,,,,
Shanxi,2015,4,,,,,,,,,,,,
Sichuan,2015,4,,,,,,,,,,,,
Tianjin,2015,4,,,,,,,,,,,,
Tibet,2015,4,,,,,,,,,,,,
Xinjiang,2015,4,,,,,,,,,,,,
Yunnan,2015,4,,,,,,,,,,,,
Zhejiang,2015,4,,,,,,,,,,,,
Anhui,2016,4,,,,,,,,,,,,
Beijing,2016,4,,,,,,,,,,,,
Chongqing,2016,4,,,,,,,,,,,,
Fujian,2016,4,,,,,,,,,,,,
Gansu,2016,4,,,,,,,,,,,,
Guangdong,2016,4,,,,,,,,,,,,
Guangxi,2016,4,,,,,,,,,,,,
Guizhou,2016,4,,,,,,,,,,,,
Hainan,2016,4,,,,,,,,,,,,
Hebei,2016,4,,,,,,,,,,,,
Heilongjiang,2016,4,,,,,,,,,,,,
Henan,2016,4,,,,,,,,,,,,
Hubei,2016,4,,,,,,,,,,,,
Hunan,2016,4,,,,,,,,,,,,
Inner Mongolia,2016,4,,,,,,,,,,,,
Jiangsu,2016,4,,,,,,,,,,,,
Jiangxi,2016,4,,,,,,,,,,,,
Jilin,2016,4,,,,,,,,,,,,
Liaoning,2016,4,,,,,,,,,,,,
Ningxia,2016,4,,,,,,,,,,,,
Qinghai,2016,4,,,,,,,,,,,,
Shaanxi,2016,4,,,,,,,,,,,,
Shandong,2016,4,,,,,,,,,,,,
Shanghai,2016,4,,,,,,,,,,,,
Shanxi,2016,4,,,,,,,,,,,,
Sichuan,2016,4,,,,,,,,,,,,
Tianjin,2016,4,,,,,,,,,,,,
Tibet,2016,4,,,,,,,,,,,,
Xinjiang,2016,4,,,,,,,,,,,,
Yunnan,2016,4,,,,,,,,,,,,
Zhejiang,2016,4,,,,,,,,,,,,
Anhui,2017,4,,,,,,,,,,,,
Beijing,2017,4,,,,,,,,,,,,
Chongqing,2017,4,,,,,,,,,,,,
Fujian,2017,4,,,,,,,,,,,,
Gansu,2017,4,,,,,,,,,,,,
Guangdong,2017,4,,,,,,,,,,,,
Guangxi,2017,4,,,,,,,,,,,,
Guizhou,2017,4,,,,,,,,,,,,
Hainan,2017,4,,,,,,,,,,,,
Hebei,2017,4,,,,,,,,,,,,
Heilongjiang,2017,4,,,,,,,,,,,,
Henan,2017,4,,,,,,,,,,,,
Hubei,2017,4,,,,,,,,,,,,
Hunan,2017,4,,,,,,,,,,,,
Inner Mongolia,2017,4,,,,,,,,,,,,
Jiangsu,2017,4,,,,,,,,,,,,
Jiangxi,2017,4,,,,,,,,,,,,
Jilin,2017,4,,,,,,,,,,,,
Liaoning,2017,4,,,,,,,,,,,,
Ningxia,2017,4,,,,,,,,,,,,
Qinghai,2017,4,,,,,,,,,,,,
Shaanxi,2017,4,,,,,,,,,,,,
Shandong,2017,4,,,,,,,,,,,,
Shanghai,2017,4,,,,,,,,,,,,
Shanxi,2017,4,,,,,,,,,,,,
Sichuan,2017,4,,,,,,,,,,,,
Tianjin,2017,4,,,,,,,,,,,,
Tibet,2017,4,,,,,,,,,,,,
Xinjiang,2017,4,,,,,,,,,,,,
Yunnan,2017,4,,,,,,,,,,,,
Zhejiang,2017,4,,,,,,,,,,,,
Anhui,2018,4,,,,,,,,,,,,
Beijing,2018,4,,,,,,,,,,,,
Chongqing,2018,4,,,,,,,,,,,,
Fujian,2018,4,,,,,,,,,,,,
Gansu,2018,4,,,,,,,,,,,,
Guangdong,2018,4,,,,,,,,,,,,
Guangxi,2018,4,,,,,,,,,,,,
Guizhou,2018,4,,,,,,,,,,,,
Hainan,2018,4,,,,,,,,,,,,
Hebei,2018,4,,,,,,,,,,,,
Heilongjiang,2018,4,,,,,,,,,,,,
Henan,2018,4,,,,,,,,,,,,
Hubei,2018,4,,,,,,,,,,,,
Hunan,2018,4,,,,,,,,,,,,
Inner Mongolia,2018,4,,,,,,,,,,,,
Jiangsu,2018,4,,,,,,,,,,,,
Jiangxi,2018,4,,,,,,,,,,,,
Jilin,2018,4,,,,,,,,,,,,
Liaoning,2018,4,,,,,,,,,,,,
Ningxia,2018,4,,,,,,,,,,,,
Qinghai,2018,4,,,,,,,,,,,,
Shaanxi,2018,4,,,,,,,,,,,,
Shandong,2018,4,,,,,,,,,,,,
Shanghai,2018,4,,,,,,,,,,,,
Shanxi,2018,4,,,,,,,,,,,,
Sichuan,2018,4,,,,,,,,,,,,
Tianjin,2018,4,,,,,,,,,,,,
Tibet,2018,4,,,,,,,,,,,,
Xinjiang,2018,4,,,,,,,,,,,,
Yunnan,2018,4,,,,,,,,,,,,
Zhejiang,2018,4,,,,,,,,,,,,
Anhui,2019,4,,,,,,,,,,,,
Beijing,2019,4,,,,,,,,,,,,
Chongqing,2019,4,,,,,,,,,,,,
Fujian,2019,4,,,,,,,,,,,,
Gansu,2019,4,,,,,,,,,,,,
Guangdong,2019,4,,,,,,,,,,,,
Guangxi,2019,4,,,,,,,,,,,,
Guizhou,2019,4,,,,,,,,,,,,
Hainan,2019,4,,,,,,,,,,,,
Hebei,2019,4,,,,,,,,,,,,
Heilongjiang,2019,4,,,,,,,,,,,,
Henan,2019,4,,,,,,,,,,,,
Hubei,2019,4,,,,,,,,,,,,
Hunan,2019,4,,,,,,,,,,,,
Inner Mongolia,2019,4,,,,,,,,,,,,
Jiangsu,2019,4,,,,,,,,,,,,
Jiangxi,2019,4,,,,,,,,,,,,
Jilin,2019,4,,,,,,,,,,,,
Liaoning,2019,4,,,,,,,,,,,,
Ningxia,2019,4,,,,,,,,,,,,
Qinghai,2019,4,,,,,,,,,,,,
Shaanxi,2019,4,,,,,,,,,,,,
Shandong,2019,4,,,,,,,,,,,,
Shanghai,2019,4,,,,,,,,,,,,
Shanxi,2019,4,,,,,,,,,,,,
Sichuan,2019,4,,,,,,,,,,,,
Tianjin,2019,4,,,,,,,,,,,,
Tibet,2019,4,,,,,,,,,,,,
Xinjiang,2019,4,,,,,,,,,,,,
Yunnan,2019,4,,,,,,,,,,,,
Zhejiang,2019,4,,,,,,,,,,,,
Anhui,2020,4,,,,,,,,,,,,
Beijing,2020,4,,,,,,,,,,,,
Chongqing,2020,4,,,,,,,,,,,,
Fujian,2020,4,,,,,,,,,,,,
Gansu,2020,4,,,,,,,,,,,,
Guangdong,2020,4,,,,,,,,,,,,
Guangxi,2020,4,,,,,,,,,,,,
Guizhou,2020,4,,,,,,,,,,,,
Hainan,2020,4,,,,,,,,,,,,
Hebei,2020,4,,,,,,,,,,,,
Heilongjiang,2020,4,,,,,,,,,,,,
Henan,2020,4,,,,,,,,,,,,
Hubei,2020,4,,,,,,,,,,,,
Hunan,2020,4,,,,,,,,,,,,
Inner Mongolia,2020,4,,,,,,,,,,,,
Jiangsu,2020,4,,,,,,,,,,,,
Jiangxi,2020,4,,,,,,,,,,,,
Jilin,2020,4,,,,,,,,,,,,
Liaoning,2020,4,,,,,,,,,,,,
Ningxia,2020,4,,,,,,,,,,,,
Qinghai,2020,4,,,,,,,,,,,,
Shaanxi,2020,4,,,,,,,,,,,,
Shandong,2020,4,,,,,,,,,,,,
Shanghai,2020,4,,,,,,,,,,,,
Shanxi,2020,4,,,,,,,,,,,,
Sichuan,2020,4,,,,,,,,,,,,
Tianjin,2020,4,,,,,,,,,,,,
Tibet,2020,4,,,,,,,,,,,,
Xinjiang,2020,4,,,,,,,,,,,,
Yunnan,2020,4,,,,,,,,,,,,
Zhejiang,2020,4,,,,,,,,,,,,
Anhui,2021,1,,,,,,,,,,,,
Beijing,2021,1,,,,,,,,,,,,
Chongqing,2021,1,,,,,,,,,,,,
Fujian,2021,1,,,,,,,,,,,,
Gansu,2021,1,,,,,,,,,,,,
Guangdong,2021,1,,,,,,,,,,,,
Guangxi,2021,1,,,,,,,,,,,,
Guizhou,2021,1,,,,,,,,,,,,
Hainan,2021,1,,,,,,,,,,,,
Hebei,2021,1,,,,,,,,,,,,
Heilongjiang,2021,1,,,,,,,,,,,,
Henan,2021,1,,,,,,,,,,,,
Hubei,2021,1,,,,,,,,,,,,
Hunan,2021,1,,,,,,,,,,,,
Inner Mongolia,2021,1,,,,,,,,,,,,
Jiangsu,2021,1,,,,,,,,,,,,
Jiangxi,2021,1,,,,,,,,,,,,
Jilin,2021,1,,,,,,,,,,,,
Liaoning,2021,1,,,,,,,,,,,,
Ningxia,2021,1,,,,,,,,,,,,
Qinghai,2021,1,,,,,,,,,,,,
Shaanxi,2021,1,,,,,,,,,,,,
Shandong,2021,1,,,,,,,,,,,,
Shanghai,2021,1,,,,,,,,,,,,
Shanxi,2021,1,,,,,,,,,,,,
Sichuan,2021,1,,,,,,,,,,,,
Tianjin,2021,1,,,,,,,,,,,,
Tibet,2021,1,,,,,,,,,,,,
Xinjiang,2021,1,,,,,,,,,,,,
Yunnan,2021,1,,,,,,,,,,,,
Zhejiang,2021,1,,,,,,,,,,,,
Anhui,2021,2,,,,,,,,,,,,
Beijing,2021,2,,,,,,,,,,,,
Chongqing,2021,2,,,,,,,,,,,,
Fujian,2021,2,,,,,,,,,,,,
Gansu,2021,2,,,,,,,,,,,,
Guangdong,2021,2,,,,,,,,,,,,
Guangxi,2021,2,,,,,,,,,,,,
Guizhou,2021,2,,,,,,,,,,,,
Hainan,2021,2,,,,,,,,,,,,
Hebei,2021,2,,,,,,,,,,,,
Heilongjiang,2021,2,,,,,,,,,,,,
Henan,2021,2,,,,,,,,,,,,
Hubei,2021,2,,,,,,,,,,,,
Hunan,2021,2,,,,,,,,,,,,
Inner Mongolia,2021,2,,,,,,,,,,,,
Jiangsu,2021,2,,,,,,,,,,,,
Jiangxi,2021,2,,,,,,,,,,,,
Jilin,2021,2,,,,,,,,,,,,
Liaoning,2021,2,,,,,,,,,,,,
Ningxia,2021,2,,,,,,,,,,,,
Qinghai,2021,2,,,,,,,,,,,,
Shaanxi,2021,2,,,,,,,,,,,,
Shandong,2021,2,,,,,,,,,,,,
Shanghai,2021,2,,,,,,,,,,,,
Shanxi,2021,2,,,,,,,,,,,,
Sichuan,2021,2,,,,,,,,,,,,
Tianjin,2021,2,,,,,,,,,,,,
Tibet,2021,2,,,,,,,,,,,,
Xinjiang,2021,2,,,,,,,,,,,,
Yunnan,2021,2,,,,,,,,,,,,
Zhejiang,2021,2,,,,,,,,,,,,
Anhui,2021,3,,,,,,,,,,,,
Beijing,2021,3,,,,,,,,,,,,
Chongqing,2021,3,,,,,,,,,,,,
Fujian,2021,3,,,,,,,,,,,,
Gansu,2021,3,,,,,,,,,,,,
Guangdong,2021,3,,,,,,,,,,,,
Guangxi,2021,3,,,,,,,,,,,,
Guizhou,2021,3,,,,,,,,,,,,
Hainan,2021,3,,,,,,,,,,,,
Hebei,2021,3,,,,,,,,,,,,
Heilongjiang,2021,3,,,,,,,,,,,,
Henan,2021,3,,,,,,,,,,,,
Hubei,2021,3,,,,,,,,,,,,
Hunan,2021,3,,,,,,,,,,,,
Inner Mongolia,2021,3,,,,,,,,,,,,
Jiangsu,2021,3,,,,,,,,,,,,
Jiangxi,2021,3,,,,,,,,,,,,
Jilin,2021,3,,,,,,,,,,,,
Liaoning,2021,3,,,,,,,,,,,,
Ningxia,2021,3,,,,,,,,,,,,
Qinghai,2021,3,,,,,,,,,,,,
Shaanxi,2021,3,,,,,,,,,,,,
Shandong,2021,3,,,,,,,,,,,,
Shanghai,2021,3,,,,,,,,,,,,
Shanxi,2021,3,,,,,,,,,,,,
Sichuan,2021,3,,,,,,,,,,,,
Tianjin,2021,3,,,,,,,,,,,,
Tibet,2021,3,,,,,,,,,,,,
Xinjiang,2021,3,,,,,,,,,,,,
Yunnan,2021,3,,,,,,,,,,,,
Zhejiang,2021,3,,,,,,,,,,,,
Anhui,2021,4,,,,,,,,,,,,
Beijing,2021,4,,,,,,,,,,,,
Chongqing,2021,4,,,,,,,,,,,,
Fujian,2021,4,,,,,,,,,,,,
Gansu,2021,4,,,,,,,,,,,,
Guangdong,2021,4,,,,,,,,,,,,
Guangxi,2021,4,,,,,,,,,,,,
Guizhou,2021,4,,,,,,,,,,,,
Hainan,2021,4,,,,,,,,,,,,
Hebei,2021,4,,,,,,,,,,,,
Heilongjiang,2021,4,,,,,,,,,,,,
Henan,2021,4,,,,,,,,,,,,
Hubei,2021,4,,,,,,,,,,,,
Hunan,2021,4,,,,,,,,,,,,
Inner Mongolia,2021,4,,,,,,,,,,,,
Jiangsu,2021,4,,,,,,,,,,,,
Jiangxi,2021,4,,,,,,,,,,,,
Jilin,2021,4,,,,,,,,,,,,
Liaoning,2021,4,,,,,,,,,,,,
Ningxia,2021,4,,,,,,,,,,,,
Qinghai,2021,4,,,,,,,,,,,,
Shaanxi,2021,4,,,,,,,,,,,,
Shandong,2021,4,,,,,,,,,,,,
Shanghai,2021,4,,,,,,,,,,,,
Shanxi,2021,4,,,,,,,,,,,,
Sichuan,2021,4,,,,,,,,,,,,
Tianjin,2021,4,,,,,,,,,,,,
Tibet,2021,4,,,,,,,,,,,,
Xinjiang,2021,4,,,,,,,,,,,,
Yunnan,2021,4,,,,,,,,,,,,
Zhejiang,2021,4,,,,,,,,,,,,
Anhui,2022,1,,,,,,,,,,,,
Beijing,2022,1,,,,,,,,,,,,
Chongqing,2022,1,,,,,,,,,,,,
Fujian,2022,1,,,,,,,,,,,,
Gansu,2022,1,,,,,,,,,,,,
Guangdong,2022,1,,,,,,,,,,,,
Guangxi,2022,1,,,,,,,,,,,,
Guizhou,2022,1,,,,,,,,,,,,
Hainan,2022,1,,,,,,,,,,,,
Hebei,2022,1,,,,,,,,,,,,
Heilongjiang,2022,1,,,,,,,,,,,,
Henan,2022,1,,,,,,,,,,,,
Hubei,2022,1,,,,,,,,,,,,
Hunan,2022,1,,,,,,,,,,,,
Inner Mongolia,2022,1,,,,,,,,,,,,
Jiangsu,2022,1,,,,,,,,,,,,
Jiangxi,2022,1,,,,,,,,,,,,
Jilin,2022,1,,,,,,,,,,,,
Liaoning,2022,1,,,,,,,,,,,,
Ningxia,2022,1,,,,,,,,,,,,
Qinghai,2022,1,,,,,,,,,,,,
Shaanxi,2022,1,,,,,,,,,,,,
Shandong,2022,1,,,,,,,,,,,,
Shanghai,2022,1,,,,,,,,,,,,
Shanxi,2022,1,,,,,,,,,,,,
Sichuan,2022,1,,,,,,,,,,,,
Tianjin,2022,1,,,,,,,,,,,,
Tibet,2022,1,,,,,,,,,,,,
Xinjiang,2022,1,,,,,,,,,,,,
Yunnan,2022,1,,,,,,,,,,,,
Zhejiang,2022,1,,,,,,,,,,,,
Anhui,2022,2,,,,,,,,,,,,
Beijing,2022,2,,,,,,,,,,,,
Chongqing,2022,2,,,,,,,,,,,,
Fujian,2022,2,,,,,,,,,,,,
Gansu,2022,2,,,,,,,,,,,,
Guangdong,2022,2,,,,,,,,,,,,
Guangxi,2022,2,,,,,,,,,,,,
Guizhou,2022,2,,,,,,,,,,,,
Hainan,2022,2,,,,,,,,,,,,
Hebei,2022,2,,,,,,,,,,,,
Heilongjiang,2022,2,,,,,,,,,,,,
Henan,2022,2,,,,,,,,,,,,
Hubei,2022,2,,,,,,,,,,,,
Hunan,2022,2,,,,,,,,,,,,
Inner Mongolia,2022,2,,,,,,,,,,,,
Jiangsu,2022,2,,,,,,,,,,,,
Jiangxi,2022,2,,,,,,,,,,,,
Jilin,2022,2,,,,,,,,,,,,
Liaoning,2022,2,,,,,,,,,,,,
Ningxia,2022,2,,,,,,,,,,,,
Qinghai,2022,2,,,,,,,,,,,,
Shaanxi,2022,2,,,,,,,,,,,,
Shandong,2022,2,,,,,,,,,,,,
Shanghai,2022,2,,,,,,,,,,,,
Shanxi,2022,2,,,,,,,,,,,,
Sichuan,2022,2,,,,,,,,,,,,
Tianjin,2022,2,,,,,,,,,,,,
Tibet,2022,2,,,,,,,,,,,,
Xinjiang,2022,2,,,,,,,,,,,,
Yunnan,2022,2,,,,,,,,,,,,
Zhejiang,2022,2,,,,,,,,,,,,
Anhui,2022,3,,,,,,,,,,,,
Beijing,2022,3,,,,,,,,,,,,
Chongqing,2022,3,,,,,,,,,,,,
Fujian,2022,3,,,,,,,,,,,,
Gansu,2022,3,,,,,,,,,,,,
Guangdong,2022,3,,,,,,,,,,,,
Guangxi,2022,3,,,,,,,,,,,,
Guizhou,2022,3,,,,,,,,,,,,
Hainan,2022,3,,,,,,,,,,,,
Hebei,2022,3,,,,,,,,,,,,
Heilongjiang,2022,3,,,,,,,,,,,,
Henan,2022,3,,,,,,,,,,,,
Hubei,2022,3,,,,,,,,,,,,
Hunan,2022,3,,,,,,,,,,,,
Inner Mongolia,2022,3,,,,,,,,,,,,
Jiangsu,2022,3,,,,,,,,,,,,
Jiangxi,2022,3,,,,,,,,,,,,
Jilin,2022,3,,,,,,,,,,,,
Liaoning,2022,3,,,,,,,,,,,,
Ningxia,2022,3,,,,,,,,,,,,
Qinghai,2022,3,,,,,,,,,,,,
Shaanxi,2022,3,,,,,,,,,,,,
Shandong,2022,3,,,,,,,,,,,,
Shanghai,2022,3,,,,,,,,,,,,
Shanxi,2022,3,,,,,,,,,,,,
Sichuan,2022,3,,,,,,,,,,,,
Tianjin,2022,3,,,,,,,,,,,,
Tibet,2022,3,,,,,,,,,,,,
Xinjiang,2022,3,,,,,,,,,,,,
Yunnan,2022,3,,,,,,,,,,,,
Zhejiang,2022,3,,,,,,,,,,,,
Anhui,2022,4,,,,,,,,,,,,
Beijing,2022,4,,,,,,,,,,,,
Chongqing,2022,4,,,,,,,,,,,,
Fujian,2022,4,,,,,,,,,,,,
Gansu,2022,4,,,,,,,,,,,,
Guangdong,2022,4,,,,,,,,,,,,
Guangxi,2022,4,,,,,,,,,,,,
Guizhou,2022,4,,,,,,,,,,,,
Hainan,2022,4,,,,,,,,,,,,
Hebei,2022,4,,,,,,,,,,,,
Heilongjiang,2022,4,,,,,,,,,,,,
Henan,2022,4,,,,,,,,,,,,
Hubei,2022,4,,,,,,,,,,,,
Hunan,2022,4,,,,,,,,,,,,
Inner Mongolia,2022,4,,,,,,,,,,,,
Jiangsu,2022,4,,,,,,,,,,,,
Jiangxi,2022,4,,,,,,,,,,,,
Jilin,2022,4,,,,,,,,,,,,
Liaoning,2022,4,,,,,,,,,,,,
Ningxia,2022,4,,,,,,,,,,,,
Qinghai,2022,4,,,,,,,,,,,,
Shaanxi,2022,4,,,,,,,,,,,,
Shandong,2022,4,,,,,,,,,,,,
Shanghai,2022,4,,,,,,,,,,,,
Shanxi,2022,4,,,,,,,,,,,,
Sichuan,2022,4,,,,,,,,,,,,
Tianjin,2022,4,,,,,,,,,,,,
Tibet,2022,4,,,,,,,,,,,,
Xinjiang,2022,4,,,,,,,,,,,,
Yunnan,2022,4,,,,,,,,,,,,
Zhejiang,2022,4,,,,,,,,,,,,
